calendar_year,city,state,closed_date,amount_awarded
2010.0,Philadelphia,PA,2010-01-11,3871.0
2010.0,Philadelphia,PA,2010-01-12,45000.0
2010.0,Philadelphia,PA,2010-01-21,25000.0
2010.0,Philadelphia,PA,2010-01-26,750.0
2010.0,Philadelphia,PA,2010-01-27,12500.0
2010.0,Philadelphia,PA,2010-01-28,30000.0
2010.0,Philadelphia,PA,2010-02-01,1500.0
2010.0,Philadelphia,PA,2010-02-03,275000.0
2010.0,Philadelphia,PA,2010-02-08,20000.0
2010.0,Philadelphia,PA,2010-02-11,25000.0
2010.0,Philadelphia,PA,2010-02-25,17500.0
2010.0,Philadelphia,PA,2010-03-08,40000.0
2010.0,Philadelphia,PA,2010-03-10,7500.0
2010.0,Philadelphia,PA,2010-03-10,1125.0
2010.0,Philadelphia,PA,2010-03-10,16500.0
2010.0,Philadelphia,PA,2010-03-15,35000.0
2010.0,Philadelphia,PA,2010-03-16,17700.0
2010.0,Philadelphia,PA,2010-03-22,102000.0
2010.0,Philadelphia,PA,2010-03-22,35000.0
2010.0,Philadelphia,PA,2010-03-23,20000.0
2010.0,Philadelphia,PA,2010-03-24,10000.0
2010.0,Philadelphia,PA,2010-03-26,2000.0
2010.0,Philadelphia,PA,2010-04-01,33500.0
2010.0,Philadelphia,PA,2010-04-05,65000.0
2010.0,Philadelphia,PA,2010-04-05,25000.0
2010.0,Philadelphia,PA,2010-04-06,7500.0
2010.0,Philadelphia,PA,2010-04-06,32500.0
2010.0,Philadelphia,PA,2010-04-08,1100000.0
2010.0,Philadelphia,PA,2010-04-09,50000.0
2010.0,Philadelphia,PA,2010-04-09,40000.0
2010.0,Philadelphia,PA,2010-04-20,4000.0
2010.0,Philadelphia,PA,2010-04-21,12000.0
2010.0,Philadelphia,PA,2010-04-22,12500.0
2010.0,Philadelphia,PA,2010-04-22,575000.0
2010.0,Philadelphia,PA,2010-04-22,75000.0
2010.0,Philadelphia,PA,2010-04-27,62500.0
2010.0,Philadelphia,PA,2010-04-27,7500.0
2010.0,Philadelphia,PA,2010-04-27,7500.0
2010.0,Philadelphia,PA,2010-04-27,287500.0
2010.0,Philadelphia,PA,2010-04-29,35000.0
2010.0,Philadelphia,PA,2010-05-17,15000.0
2010.0,Philadelphia,PA,2010-05-17,75000.0
2010.0,Philadelphia,PA,2010-05-17,25000.0
2010.0,Philadelphia,PA,2010-05-18,11000.0
2010.0,Philadelphia,PA,2010-05-20,20000.0
2010.0,Philadelphia,PA,2010-05-21,62000.0
2010.0,Philadelphia,PA,2010-05-24,90000.0
2010.0,Philadelphia,PA,2010-05-24,18000.0
2010.0,Philadelphia,PA,2010-05-24,70000.0
2010.0,Philadelphia,PA,2010-05-26,30000.0
2010.0,Philadelphia,PA,2010-05-27,23000.0
2010.0,Philadelphia,PA,2010-06-14,3000.0
2010.0,Philadelphia,PA,2010-06-18,45000.0
2010.0,Philadelphia,PA,2010-06-18,12500.0
2010.0,Philadelphia,PA,2010-06-22,9000.0
2010.0,Philadelphia,PA,2010-06-23,65000.0
2010.0,Philadelphia,PA,2010-06-24,65000.0
2010.0,Philadelphia,PA,2010-06-24,58000.0
2010.0,Philadelphia,PA,2010-06-28,190000.0
2010.0,Philadelphia,PA,2010-06-28,1000.0
2010.0,Philadelphia,PA,2010-06-29,50000.0
2010.0,Philadelphia,PA,2010-07-07,75000.0
2010.0,Philadelphia,PA,2010-07-13,75000.0
2010.0,Philadelphia,PA,2010-07-14,65000.0
2010.0,Philadelphia,PA,2010-07-14,5000.0
2010.0,Philadelphia,PA,2010-07-16,75000.0
2010.0,Philadelphia,PA,2010-07-22,30000.0
2010.0,Philadelphia,PA,2010-07-29,50000.0
2010.0,Philadelphia,PA,2010-08-03,27000.0
2010.0,Philadelphia,PA,2010-08-04,300000.0
2010.0,Philadelphia,PA,2010-08-04,30000.0
2010.0,Philadelphia,PA,2010-08-12,40000.0
2010.0,Philadelphia,PA,2010-08-12,4130.0
2010.0,Philadelphia,PA,2010-08-12,35000.0
2010.0,Philadelphia,PA,2010-08-16,45000.0
2010.0,Philadelphia,PA,2010-08-17,37500.0
2010.0,Philadelphia,PA,2010-08-17,20000.0
2010.0,Philadelphia,PA,2010-08-18,320000.0
2010.0,Philadelphia,PA,2010-08-25,125000.0
2010.0,Philadelphia,PA,2010-08-31,200000.0
2010.0,Philadelphia,PA,2010-08-31,150000.0
2010.0,Philadelphia,PA,2010-09-10,5000.0
2010.0,Philadelphia,PA,2010-09-10,25000.0
2010.0,Philadelphia,PA,2010-09-14,15000.0
2010.0,Philadelphia,PA,2010-09-21,25000.0
2010.0,Philadelphia,PA,2010-09-23,35000.0
2010.0,Philadelphia,PA,2010-09-26,10000.0
2010.0,Philadelphia,PA,2010-10-05,35000.0
2010.0,Philadelphia,PA,2010-10-06,17500.0
2010.0,Philadelphia,PA,2010-10-12,10000.0
2010.0,Philadelphia,PA,2010-10-12,8500.0
2010.0,Philadelphia,PA,2010-10-14,15000.0
2010.0,Philadelphia,PA,2010-10-15,3000.0
2010.0,Philadelphia,PA,2010-10-15,500000.0
2010.0,Philadelphia,PA,2010-10-22,10000.0
2010.0,Philadelphia,PA,2010-10-25,7000.0
2010.0,Philadelphia,PA,2010-10-27,15000.0
2010.0,Philadelphia,PA,2010-10-27,15000.0
2010.0,Philadelphia,PA,2010-10-28,30000.0
2010.0,Philadelphia,PA,2010-11-12,20000.0
2010.0,Philadelphia,PA,2010-11-15,30000.0
2010.0,Philadelphia,PA,2010-11-17,20000.0
2010.0,Philadelphia,PA,2010-11-24,10000.0
2010.0,Philadelphia,PA,2010-11-29,75000.0
2010.0,Philadelphia,PA,2010-12-01,19500.0
2010.0,Philadelphia,PA,2010-12-02,3000.0
2010.0,Philadelphia,PA,2010-12-07,5000.0
2010.0,Philadelphia,PA,2010-12-09,30000.0
2010.0,Philadelphia,PA,2010-12-09,30000.0
2010.0,Philadelphia,PA,2010-12-10,25000.0
2010.0,Philadelphia,PA,2010-12-10,250000.0
2010.0,Philadelphia,PA,2010-12-10,85000.0
2010.0,Philadelphia,PA,2010-12-15,100000.0
2010.0,Philadelphia,PA,2010-12-15,300000.0
2010.0,Philadelphia,PA,2010-12-15,15000.0
2010.0,Philadelphia,PA,2010-12-15,15000.0
2010.0,Philadelphia,PA,2010-12-22,10000.0
2010.0,Philadelphia,PA,2010-12-23,22500.0
2010.0,Philadelphia,PA,2010-12-28,44000.0
2010.0,Philadelphia,PA,2010-12-29,90000.0
2010.0,Philadelphia,PA,2010-12-31,10000.0
2010.0,Philadelphia,PA,2010-12-31,5000.0
2010.0,Philadelphia,PA,2010-12-31,7500.0
2010.0,Philadelphia,PA,2010-12-31,16000.0
2010.0,Philadelphia,PA,2010-12-31,5000.0
2011.0,Philadelphia,PA,2011-01-06,15000.0
2011.0,Philadelphia,PA,2011-01-07,55000.0
2011.0,Philadelphia,PA,2011-01-07,9000.0
2011.0,Philadelphia,PA,2011-01-10,7500.0
2011.0,Philadelphia,PA,2011-01-31,42000.0
2011.0,Philadelphia,PA,2011-02-01,9000.0
2011.0,Philadelphia,PA,2011-02-04,22500.0
2011.0,Philadelphia,PA,2011-02-07,55000.0
2011.0,Philadelphia,PA,2011-02-11,500000.0
2011.0,Philadelphia,PA,2011-02-16,59000.0
2011.0,Philadelphia,PA,2011-02-23,27500.0
2011.0,Philadelphia,PA,2011-03-03,330550.26
2011.0,Philadelphia,PA,2011-03-03,10078.0
2011.0,Philadelphia,PA,2011-03-11,6000.0
2011.0,Philadelphia,PA,2011-03-17,38250.0
2011.0,Philadelphia,PA,2011-03-18,4500.0
2011.0,Philadelphia,PA,2011-03-23,4100.0
2011.0,Philadelphia,PA,2011-03-25,9500.0
2011.0,Philadelphia,PA,2011-03-25,10000.0
2011.0,Philadelphia,PA,2011-03-27,100000.0
2011.0,Philadelphia,PA,2011-03-30,100000.0
2011.0,Philadelphia,PA,2011-03-30,15000.0
2011.0,Philadelphia,PA,2011-04-04,7500.0
2011.0,Philadelphia,PA,2011-04-04,95000.0
2011.0,Philadelphia,PA,2011-04-04,14000.0
2011.0,Philadelphia,PA,2011-04-14,9000.0
2011.0,Philadelphia,PA,2011-04-14,60000.0
2011.0,Philadelphia,PA,2011-04-15,10000.0
2011.0,Philadelphia,PA,2011-04-15,1000.0
2011.0,Philadelphia,PA,2011-04-18,110000.0
2011.0,Philadelphia,PA,2011-04-18,285000.0
2011.0,Philadelphia,PA,2011-04-20,2500.0
2011.0,Philadelphia,PA,2011-04-23,99999.99
2011.0,Philadelphia,PA,2011-04-26,99000.0
2011.0,Philadelphia,PA,2011-05-12,85000.0
2011.0,Philadelphia,PA,2011-05-16,9000.0
2011.0,Philadelphia,PA,2011-05-16,225000.0
2011.0,Philadelphia,PA,2011-05-16,7500.0
2011.0,Philadelphia,PA,2011-05-16,70000.0
2011.0,Philadelphia,PA,2011-05-17,135000.0
2011.0,Philadelphia,PA,2011-05-17,12500.0
2011.0,Philadelphia,PA,2011-05-19,15000.0
2011.0,Philadelphia,PA,2011-05-24,1200000.0
2011.0,Philadelphia,PA,2011-05-24,17500.0
2011.0,Philadelphia,PA,2011-06-01,2500.0
2011.0,Philadelphia,PA,2011-06-01,15000.0
2011.0,Philadelphia,PA,2011-06-06,460000.0
2011.0,Philadelphia,PA,2011-06-09,25000.0
2011.0,Philadelphia,PA,2011-06-13,45000.0
2011.0,Philadelphia,PA,2011-06-17,15000.0
2011.0,Philadelphia,PA,2011-06-20,22500.0
2011.0,Philadelphia,PA,2011-06-22,607319.5
2011.0,Philadelphia,PA,2011-06-23,3000.0
2011.0,Philadelphia,PA,2011-06-23,20000.0
2011.0,Philadelphia,PA,2011-06-29,75000.0
2011.0,Philadelphia,PA,2011-06-29,40000.0
2011.0,Philadelphia,PA,2011-06-29,1729.93
2011.0,Philadelphia,PA,2011-06-29,14500.0
2011.0,Philadelphia,PA,2011-06-29,32500.0
2011.0,Philadelphia,PA,2011-06-30,9000.0
2011.0,Philadelphia,PA,2011-07-07,13000.0
2011.0,Philadelphia,PA,2011-07-08,3000.0
2011.0,Philadelphia,PA,2011-07-12,12500.0
2011.0,Philadelphia,PA,2011-07-13,15000.0
2011.0,Philadelphia,PA,2011-07-13,12000.0
2011.0,Philadelphia,PA,2011-07-13,20000.0
2011.0,Philadelphia,PA,2011-07-14,1000.0
2011.0,Philadelphia,PA,2011-07-14,37500.0
2011.0,Philadelphia,PA,2011-07-25,4000.0
2011.0,Philadelphia,PA,2011-07-27,55000.0
2011.0,Philadelphia,PA,2011-07-29,18500.0
2011.0,Philadelphia,PA,2011-08-01,7500.0
2011.0,Philadelphia,PA,2011-08-01,130000.0
2011.0,Philadelphia,PA,2011-08-04,2000.0
2011.0,Philadelphia,PA,2011-08-05,72500.0
2011.0,Philadelphia,PA,2011-08-12,32500.0
2011.0,Philadelphia,PA,2011-08-12,27000.0
2011.0,Philadelphia,PA,2011-08-15,45000.0
2011.0,Philadelphia,PA,2011-08-16,9500.0
2011.0,Philadelphia,PA,2011-08-22,12000.0
2011.0,Philadelphia,PA,2011-08-25,6000.0
2011.0,Philadelphia,PA,2011-08-25,37500.0
2011.0,Philadelphia,PA,2011-08-30,10000.0
2011.0,Philadelphia,PA,2011-09-01,40000.0
2011.0,Philadelphia,PA,2011-09-02,25000.0
2011.0,Philadelphia,PA,2011-09-07,7500.0
2011.0,Philadelphia,PA,2011-09-07,97500.0
2011.0,Philadelphia,PA,2011-09-12,100000.0
2011.0,Philadelphia,PA,2011-09-12,7000.0
2011.0,Philadelphia,PA,2011-09-12,7500.0
2011.0,Philadelphia,PA,2011-09-12,62500.0
2011.0,Philadelphia,PA,2011-09-16,25000.0
2011.0,Philadelphia,PA,2011-09-21,25000.0
2011.0,Philadelphia,PA,2011-09-30,175000.0
2011.0,Philadelphia,PA,2011-09-30,26500.0
2011.0,Philadelphia,PA,2011-10-06,10000.0
2011.0,Philadelphia,PA,2011-10-07,2500.0
2011.0,Philadelphia,PA,2011-10-13,5000.0
2011.0,Philadelphia,PA,2011-10-14,760000.0
2011.0,Philadelphia,PA,2011-10-19,15000.0
2011.0,Philadelphia,PA,2011-10-24,20000.0
2011.0,Philadelphia,PA,2011-10-25,26000.0
2011.0,Philadelphia,PA,2011-10-26,10000.0
2011.0,Philadelphia,PA,2011-11-01,125000.0
2011.0,Philadelphia,PA,2011-11-02,800000.0
2011.0,Philadelphia,PA,2011-11-03,20000.0
2011.0,Philadelphia,PA,2011-11-03,25000.0
2011.0,Philadelphia,PA,2011-11-23,275000.0
2011.0,Philadelphia,PA,2011-12-05,8000.0
2011.0,Philadelphia,PA,2011-12-05,225000.0
2011.0,Philadelphia,PA,2011-12-06,10000.0
2011.0,Philadelphia,PA,2011-12-07,30000.0
2011.0,Philadelphia,PA,2011-12-09,20000.0
2011.0,Philadelphia,PA,2011-12-13,62000.0
2011.0,Philadelphia,PA,2011-12-13,40000.0
2011.0,Philadelphia,PA,2011-12-15,25000.0
2011.0,Philadelphia,PA,2011-12-15,29500.0
2011.0,Philadelphia,PA,2011-12-26,25000.0
2012.0,Philadelphia,PA,2012-01-01,39000.0
2012.0,Philadelphia,PA,2012-01-05,62500.0
2012.0,Philadelphia,PA,2012-01-06,75000.0
2012.0,Philadelphia,PA,2012-01-06,18000.0
2012.0,Philadelphia,PA,2012-01-09,67500.0
2012.0,Philadelphia,PA,2012-01-09,61312.6
2012.0,Philadelphia,PA,2012-01-11,12500.0
2012.0,Philadelphia,PA,2012-01-12,8500.0
2012.0,Philadelphia,PA,2012-01-18,125000.0
2012.0,Philadelphia,PA,2012-01-18,55000.0
2012.0,Philadelphia,PA,2012-01-18,30000.0
2012.0,Philadelphia,PA,2012-01-24,57000.0
2012.0,Philadelphia,PA,2012-01-24,20000.0
2012.0,Philadelphia,PA,2012-01-24,10000.0
2012.0,Philadelphia,PA,2012-01-25,70000.0
2012.0,Philadelphia,PA,2012-01-25,50000.0
2012.0,Philadelphia,PA,2012-01-25,45000.0
2012.0,Philadelphia,PA,2012-01-25,34000.0
2012.0,Philadelphia,PA,2012-01-25,80000.0
2012.0,Philadelphia,PA,2012-01-25,81000.0
2012.0,Philadelphia,PA,2012-01-25,81000.0
2012.0,Philadelphia,PA,2012-01-25,34000.0
2012.0,Philadelphia,PA,2012-01-25,33000.0
2012.0,Philadelphia,PA,2012-01-25,92000.0
2012.0,Philadelphia,PA,2012-01-30,65000.0
2012.0,Philadelphia,PA,2012-01-30,2250.0
2012.0,Philadelphia,PA,2012-01-30,12500.0
2012.0,Philadelphia,PA,2012-02-02,95000.0
2012.0,Philadelphia,PA,2012-02-03,25000.0
2012.0,Philadelphia,PA,2012-02-05,12500.0
2012.0,Philadelphia,PA,2012-02-08,15000.0
2012.0,Philadelphia,PA,2012-02-13,25000.0
2012.0,Philadelphia,PA,2012-02-15,50000.0
2012.0,Philadelphia,PA,2012-02-17,105000.0
2012.0,Philadelphia,PA,2012-02-21,30000.0
2012.0,Philadelphia,PA,2012-02-22,25000.0
2012.0,Philadelphia,PA,2012-02-24,45000.0
2012.0,Philadelphia,PA,2012-02-24,40000.0
2012.0,Philadelphia,PA,2012-03-01,60000.0
2012.0,Philadelphia,PA,2012-03-02,30000.0
2012.0,Philadelphia,PA,2012-03-04,50000.0
2012.0,Philadelphia,PA,2012-03-05,42000.0
2012.0,Philadelphia,PA,2012-03-06,7500.0
2012.0,Philadelphia,PA,2012-03-06,29500.0
2012.0,Philadelphia,PA,2012-03-08,10000.0
2012.0,Philadelphia,PA,2012-03-08,35000.0
2012.0,Philadelphia,PA,2012-03-09,75000.0
2012.0,Philadelphia,PA,2012-03-16,27500.0
2012.0,Philadelphia,PA,2012-03-16,29000.0
2012.0,Philadelphia,PA,2012-03-17,5000.0
2012.0,Philadelphia,PA,2012-03-21,18000.0
2012.0,Philadelphia,PA,2012-03-22,52500.0
2012.0,Philadelphia,PA,2012-03-23,3500.0
2012.0,Philadelphia,PA,2012-03-28,25000.0
2012.0,Philadelphia,PA,2012-04-01,450000.0
2012.0,Philadelphia,PA,2012-04-01,50000.0
2012.0,Philadelphia,PA,2012-04-09,400000.0
2012.0,Philadelphia,PA,2012-04-10,25000.0
2012.0,Philadelphia,PA,2012-04-10,18500.0
2012.0,Philadelphia,PA,2012-04-12,32000.0
2012.0,Philadelphia,PA,2012-04-12,32000.0
2012.0,Philadelphia,PA,2012-04-12,1500.0
2012.0,Philadelphia,PA,2012-04-12,11000.0
2012.0,Philadelphia,PA,2012-04-17,95000.0
2012.0,Philadelphia,PA,2012-04-18,2500.0
2012.0,Philadelphia,PA,2012-04-20,16895.55
2012.0,Philadelphia,PA,2012-04-24,40000.0
2012.0,Philadelphia,PA,2012-05-01,7500.0
2012.0,Philadelphia,PA,2012-05-02,96000.0
2012.0,Philadelphia,PA,2012-05-02,100.0
2012.0,Philadelphia,PA,2012-05-02,65000.0
2012.0,Philadelphia,PA,2012-05-02,12500.0
2012.0,Philadelphia,PA,2012-05-03,37500.0
2012.0,Philadelphia,PA,2012-05-07,150000.0
2012.0,Philadelphia,PA,2012-05-07,55000.0
2012.0,Philadelphia,PA,2012-05-10,7500.0
2012.0,Philadelphia,PA,2012-05-11,27500.0
2012.0,Philadelphia,PA,2012-05-15,10000.0
2012.0,Philadelphia,PA,2012-05-16,92000.0
2012.0,Philadelphia,PA,2012-05-17,95000.0
2012.0,Philadelphia,PA,2012-05-25,15000.0
2012.0,Philadelphia,PA,2012-05-30,10000.0
2012.0,Philadelphia,PA,2012-05-31,25000.0
2012.0,Philadelphia,PA,2012-06-01,25000.0
2012.0,Philadelphia,PA,2012-06-07,27500.0
2012.0,Philadelphia,PA,2012-06-12,35000.0
2012.0,Philadelphia,PA,2012-06-18,20000.0
2012.0,Philadelphia,PA,2012-06-25,12500.0
2012.0,Philadelphia,PA,2012-06-27,75000.0
2012.0,Philadelphia,PA,2012-07-02,4000.0
2012.0,Philadelphia,PA,2012-07-05,85000.0
2012.0,Philadelphia,PA,2012-07-05,77500.0
2012.0,Philadelphia,PA,2012-07-05,7500.0
2012.0,Philadelphia,PA,2012-07-05,45000.0
2012.0,Philadelphia,PA,2012-07-12,20000.0
2012.0,Philadelphia,PA,2012-07-24,35000.0
2012.0,Philadelphia,PA,2012-07-30,670.14
2012.0,Philadelphia,PA,2012-07-31,20000.0
2012.0,Philadelphia,PA,2012-08-01,6500.0
2012.0,Philadelphia,PA,2012-08-01,50000.0
2012.0,Philadelphia,PA,2012-08-01,16000.0
2012.0,Philadelphia,PA,2012-08-01,240000.0
2012.0,Philadelphia,PA,2012-08-02,72500.0
2012.0,Philadelphia,PA,2012-08-07,43750.0
2012.0,Philadelphia,PA,2012-08-08,22500.0
2012.0,Philadelphia,PA,2012-08-08,2500.0
2012.0,Philadelphia,PA,2012-08-08,45000.0
2012.0,Philadelphia,PA,2012-08-09,3000.0
2012.0,Philadelphia,PA,2012-08-10,52500.0
2012.0,Philadelphia,PA,2012-08-10,6253.0
2012.0,Philadelphia,PA,2012-08-15,55000.0
2012.0,Philadelphia,PA,2012-08-15,2500.0
2012.0,Philadelphia,PA,2012-08-20,8000.0
2012.0,Philadelphia,PA,2012-08-20,65000.0
2012.0,Philadelphia,PA,2012-08-27,1500.0
2012.0,Philadelphia,PA,2012-08-27,1560.0
2012.0,Philadelphia,PA,2012-09-05,75000.0
2012.0,Philadelphia,PA,2012-09-11,1500.0
2012.0,Philadelphia,PA,2012-09-12,24000.0
2012.0,Philadelphia,PA,2012-09-17,5000.0
2012.0,Philadelphia,PA,2012-09-20,12500.0
2012.0,Philadelphia,PA,2012-09-20,99000.0
2012.0,Philadelphia,PA,2012-09-20,10000.0
2012.0,Philadelphia,PA,2012-09-24,15000.0
2012.0,Philadelphia,PA,2012-09-26,20000.0
2012.0,Philadelphia,PA,2012-09-28,70000.0
2012.0,Philadelphia,PA,2012-10-03,75000.0
2012.0,Philadelphia,PA,2012-10-05,25000.0
2012.0,Philadelphia,PA,2012-10-05,71000.0
2012.0,Philadelphia,PA,2012-10-09,15000.0
2012.0,Philadelphia,PA,2012-10-10,20000.0
2012.0,Philadelphia,PA,2012-10-15,20000.0
2012.0,Philadelphia,PA,2012-10-19,10000.0
2012.0,Philadelphia,PA,2012-10-21,7850.0
2012.0,Philadelphia,PA,2012-10-22,35000.0
2012.0,Philadelphia,PA,2012-10-22,30000.0
2012.0,Philadelphia,PA,2012-10-23,55000.0
2012.0,Philadelphia,PA,2012-10-25,15000.0
2012.0,Philadelphia,PA,2012-11-02,1500000.0
2012.0,Philadelphia,PA,2012-11-05,10000.0
2012.0,Philadelphia,PA,2012-11-07,15000.0
2012.0,Philadelphia,PA,2012-11-09,9500.0
2012.0,Philadelphia,PA,2012-11-19,10000.0
2012.0,Philadelphia,PA,2012-11-21,7500.0
2012.0,Philadelphia,PA,2012-11-23,7500.0
2012.0,Philadelphia,PA,2012-11-26,25000.0
2012.0,Philadelphia,PA,2012-11-27,46000.0
2012.0,Philadelphia,PA,2012-11-28,65000.0
2012.0,Philadelphia,PA,2012-11-29,15000.0
2012.0,Philadelphia,PA,2012-12-15,392500.0
2012.0,Philadelphia,PA,2012-12-17,85000.0
2012.0,Philadelphia,PA,2012-12-19,15000.0
2012.0,Philadelphia,PA,2012-12-28,50000.0
2013.0,Philadelphia,PA,2013-01-02,100000.0
2013.0,Philadelphia,PA,2013-01-02,42000.0
2013.0,Philadelphia,PA,2013-01-03,65000.0
2013.0,Philadelphia,PA,2013-01-03,20000.0
2013.0,Philadelphia,PA,2013-01-09,9000.0
2013.0,Philadelphia,PA,2013-01-09,9000.0
2013.0,Philadelphia,PA,2013-01-09,1906.8
2013.0,Philadelphia,PA,2013-01-11,98000.0
2013.0,Philadelphia,PA,2013-01-16,15000.0
2013.0,Philadelphia,PA,2013-01-17,5000.0
2013.0,Philadelphia,PA,2013-01-18,50000.0
2013.0,Philadelphia,PA,2013-01-22,95000.0
2013.0,Philadelphia,PA,2013-01-28,6250.0
2013.0,Philadelphia,PA,2013-01-28,65000.0
2013.0,Philadelphia,PA,2013-02-01,30000.0
2013.0,Philadelphia,PA,2013-02-04,12500.0
2013.0,Philadelphia,PA,2013-02-05,72500.0
2013.0,Philadelphia,PA,2013-02-06,22000.0
2013.0,Philadelphia,PA,2013-02-06,12500.0
2013.0,Philadelphia,PA,2013-02-11,15000.0
2013.0,Philadelphia,PA,2013-02-12,46000.0
2013.0,Philadelphia,PA,2013-02-14,30000.0
2013.0,Philadelphia,PA,2013-02-22,2500000.0
2013.0,Philadelphia,PA,2013-02-27,1500.0
2013.0,Philadelphia,PA,2013-03-04,150000.0
2013.0,Philadelphia,PA,2013-03-04,10000.0
2013.0,Philadelphia,PA,2013-03-04,5000.0
2013.0,Philadelphia,PA,2013-03-06,6000.0
2013.0,Philadelphia,PA,2013-03-15,95000.0
2013.0,Philadelphia,PA,2013-03-15,22500.0
2013.0,Philadelphia,PA,2013-03-21,1970.0
2013.0,Philadelphia,PA,2013-03-21,56300.0
2013.0,Philadelphia,PA,2013-03-21,5089.0
2013.0,Philadelphia,PA,2013-03-22,10000.0
2013.0,Philadelphia,PA,2013-03-25,15000.0
2013.0,Philadelphia,PA,2013-04-01,75000.0
2013.0,Philadelphia,PA,2013-04-08,25000.0
2013.0,Philadelphia,PA,2013-04-10,15000.0
2013.0,Philadelphia,PA,2013-04-10,2500.0
2013.0,Philadelphia,PA,2013-04-11,375.0
2013.0,Philadelphia,PA,2013-04-12,53750.0
2013.0,Philadelphia,PA,2013-04-23,1801.0
2013.0,Philadelphia,PA,2013-05-02,40000.0
2013.0,Philadelphia,PA,2013-05-03,850000.0
2013.0,Philadelphia,PA,2013-05-07,17500.0
2013.0,Philadelphia,PA,2013-05-07,3500.0
2013.0,Philadelphia,PA,2013-05-10,15000.0
2013.0,Philadelphia,PA,2013-05-17,20000.0
2013.0,Philadelphia,PA,2013-05-22,37500.0
2013.0,Philadelphia,PA,2013-05-29,13500.0
2013.0,Philadelphia,PA,2013-06-04,63000.0
2013.0,Philadelphia,PA,2013-06-05,50000.0
2013.0,Philadelphia,PA,2013-06-07,30000.0
2013.0,Philadelphia,PA,2013-06-10,160000.0
2013.0,Philadelphia,PA,2013-06-10,50000.0
2013.0,Philadelphia,PA,2013-06-10,187500.0
2013.0,Philadelphia,PA,2013-06-10,85000.0
2013.0,Philadelphia,PA,2013-06-12,20000.0
2013.0,Philadelphia,PA,2013-06-13,21500.0
2013.0,Philadelphia,PA,2013-06-13,375000.0
2013.0,Philadelphia,PA,2013-06-17,27500.0
2013.0,Philadelphia,PA,2013-06-21,20000.0
2013.0,Philadelphia,PA,2013-06-21,75000.0
2013.0,Philadelphia,PA,2013-06-24,2000000.0
2013.0,Philadelphia,PA,2013-06-28,18500.0
2013.0,Philadelphia,PA,2013-07-08,30000.0
2013.0,Philadelphia,PA,2013-07-08,17250.0
2013.0,Philadelphia,PA,2013-07-08,17500.0
2013.0,Philadelphia,PA,2013-07-17,10000.0
2013.0,Philadelphia,PA,2013-07-26,85000.0
2013.0,Philadelphia,PA,2013-07-29,25000.0
2013.0,Philadelphia,PA,2013-07-31,5000.0
2013.0,Philadelphia,PA,2013-08-01,2500.0
2013.0,Philadelphia,PA,2013-08-08,750.0
2013.0,Philadelphia,PA,2013-08-16,3350.0
2013.0,Philadelphia,PA,2013-08-19,3500.0
2013.0,Philadelphia,PA,2013-08-19,7500.0
2013.0,Philadelphia,PA,2013-08-20,50000.0
2013.0,Philadelphia,PA,2013-08-21,850000.0
2013.0,Philadelphia,PA,2013-08-27,12500.0
2013.0,Philadelphia,PA,2013-08-29,40000.0
2013.0,Philadelphia,PA,2013-08-30,25000.0
2013.0,Philadelphia,PA,2013-09-05,30000.0
2013.0,Philadelphia,PA,2013-09-09,15000.0
2013.0,Philadelphia,PA,2013-09-10,1900.0
2013.0,Philadelphia,PA,2013-09-10,3500.0
2013.0,Philadelphia,PA,2013-09-17,50000.0
2013.0,Philadelphia,PA,2013-09-19,25000.0
2013.0,Philadelphia,PA,2013-09-20,5000.0
2013.0,Philadelphia,PA,2013-09-23,87500.0
2013.0,Philadelphia,PA,2013-09-24,1250000.0
2013.0,Philadelphia,PA,2013-09-30,75000.0
2013.0,Philadelphia,PA,2013-09-30,7500.0
2013.0,Philadelphia,PA,2013-09-30,30000.0
2013.0,Philadelphia,PA,2013-10-01,10000.0
2013.0,Philadelphia,PA,2013-10-01,50000.0
2013.0,Philadelphia,PA,2013-10-01,90000.0
2013.0,Philadelphia,PA,2013-10-08,10000.0
2013.0,Philadelphia,PA,2013-10-09,12500.0
2013.0,Philadelphia,PA,2013-10-09,75000.0
2013.0,Philadelphia,PA,2013-10-09,45000.0
2013.0,Philadelphia,PA,2013-10-10,6500.0
2013.0,Philadelphia,PA,2013-10-16,8500.0
2013.0,Philadelphia,PA,2013-10-16,5000.0
2013.0,Philadelphia,PA,2013-10-18,20622.42
2013.0,Philadelphia,PA,2013-10-22,25000.0
2013.0,Philadelphia,PA,2013-10-23,160000.0
2013.0,Philadelphia,PA,2013-10-29,35000.0
2013.0,Philadelphia,PA,2013-10-29,7500.0
2013.0,Philadelphia,PA,2013-11-07,35000.0
2013.0,Philadelphia,PA,2013-11-07,10000.0
2013.0,Philadelphia,PA,2013-11-07,4000.0
2013.0,Philadelphia,PA,2013-11-12,140000.0
2013.0,Philadelphia,PA,2013-11-12,650000.0
2013.0,Philadelphia,PA,2013-11-12,45000.0
2013.0,Philadelphia,PA,2013-11-15,37000.0
2013.0,Philadelphia,PA,2013-11-25,60000.0
2013.0,Philadelphia,PA,2013-11-27,10000.0
2013.0,Philadelphia,PA,2013-12-04,9500.0
2013.0,Philadelphia,PA,2013-12-05,90000.0
2013.0,Philadelphia,PA,2013-12-05,22500.0
2013.0,Philadelphia,PA,2013-12-10,10000.0
2013.0,Philadelphia,PA,2013-12-12,15000.0
2013.0,Philadelphia,PA,2013-12-17,1000000.0
2013.0,Philadelphia,PA,2013-12-19,47500.0
2013.0,Philadelphia,PA,2013-12-20,7500.0
2013.0,Philadelphia,PA,2013-12-20,12500.0
2013.0,Philadelphia,PA,2013-12-27,52500.0
2014.0,Philadelphia,PA,2014-01-02,47500.0
2014.0,Philadelphia,PA,2014-01-03,10000.0
2014.0,Philadelphia,PA,2014-01-05,125000.0
2014.0,Philadelphia,PA,2014-01-05,41378.42
2014.0,Philadelphia,PA,2014-01-08,5000.0
2014.0,Philadelphia,PA,2014-01-08,15000.0
2014.0,Philadelphia,PA,2014-01-09,60000.0
2014.0,Philadelphia,PA,2014-01-09,17500.0
2014.0,Philadelphia,PA,2014-01-09,465000.0
2014.0,Philadelphia,PA,2014-01-09,17500.0
2014.0,Philadelphia,PA,2014-01-10,46000.0
2014.0,Philadelphia,PA,2014-01-13,49500.0
2014.0,Philadelphia,PA,2014-01-14,18000.0
2014.0,Philadelphia,PA,2014-01-17,180000.0
2014.0,Philadelphia,PA,2014-01-17,225000.0
2014.0,Philadelphia,PA,2014-01-23,50000.0
2014.0,Philadelphia,PA,2014-01-31,13000.0
2014.0,Philadelphia,PA,2014-02-03,25000.0
2014.0,Philadelphia,PA,2014-02-07,40000.0
2014.0,Philadelphia,PA,2014-02-09,95000.0
2014.0,Philadelphia,PA,2014-02-19,13750.0
2014.0,Philadelphia,PA,2014-02-19,12000.0
2014.0,Philadelphia,PA,2014-02-19,60000.0
2014.0,Philadelphia,PA,2014-02-21,20000.0
2014.0,Philadelphia,PA,2014-02-24,17500.0
2014.0,Philadelphia,PA,2014-02-27,16000.0
2014.0,Philadelphia,PA,2014-03-05,25000.0
2014.0,Philadelphia,PA,2014-03-07,10000.0
2014.0,Philadelphia,PA,2014-03-14,300000.0
2014.0,Philadelphia,PA,2014-03-17,60000.0
2014.0,Philadelphia,PA,2014-03-17,10000.0
2014.0,Philadelphia,PA,2014-03-20,30000.0
2014.0,Philadelphia,PA,2014-03-26,25000.0
2014.0,Philadelphia,PA,2014-04-01,125000.0
2014.0,Philadelphia,PA,2014-04-09,90000.0
2014.0,Philadelphia,PA,2014-04-11,750.0
2014.0,Philadelphia,PA,2014-04-11,52500.0
2014.0,Philadelphia,PA,2014-04-22,40000.0
2014.0,Philadelphia,PA,2014-04-28,30000.0
2014.0,Philadelphia,PA,2014-05-02,110000.0
2014.0,Philadelphia,PA,2014-05-13,185000.0
2014.0,Philadelphia,PA,2014-05-21,55000.0
2014.0,Philadelphia,PA,2014-05-22,9171.42
2014.0,Philadelphia,PA,2014-05-22,7500.0
2014.0,Philadelphia,PA,2014-05-23,12500.0
2014.0,Philadelphia,PA,2014-06-05,72500.0
2014.0,Philadelphia,PA,2014-06-05,38500.0
2014.0,Philadelphia,PA,2014-06-16,35000.0
2014.0,Philadelphia,PA,2014-06-17,10000.0
2014.0,Philadelphia,PA,2014-06-18,20000.0
2014.0,Philadelphia,PA,2014-06-18,26000.0
2014.0,Philadelphia,PA,2014-06-19,6000.0
2014.0,Philadelphia,PA,2014-06-19,25000.0
2014.0,Philadelphia,PA,2014-06-26,2500000.0
2014.0,Philadelphia,PA,2014-07-03,15000.0
2014.0,Philadelphia,PA,2014-07-03,15000.0
2014.0,Philadelphia,PA,2014-07-15,55000.0
2014.0,Philadelphia,PA,2014-07-16,17000.0
2014.0,Philadelphia,PA,2014-07-17,30000.0
2014.0,Philadelphia,PA,2014-07-18,1000000.0
2014.0,Philadelphia,PA,2014-07-23,15000.0
2014.0,Philadelphia,PA,2014-07-28,600000.0
2014.0,Philadelphia,PA,2014-07-28,85000.0
2014.0,Philadelphia,PA,2014-07-30,5000.0
2014.0,Philadelphia,PA,2014-07-31,21000.0
2014.0,Philadelphia,PA,2014-08-04,50000.0
2014.0,Philadelphia,PA,2014-08-04,35000.0
2014.0,Philadelphia,PA,2014-08-04,200000.0
2014.0,Philadelphia,PA,2014-08-14,30000.0
2014.0,Philadelphia,PA,2014-08-15,45000.0
2014.0,Philadelphia,PA,2014-08-15,25000.0
2014.0,Philadelphia,PA,2014-08-18,2500.0
2014.0,Philadelphia,PA,2014-08-18,12500.0
2014.0,Philadelphia,PA,2014-08-18,3600.0
2014.0,Philadelphia,PA,2014-08-18,10632.48
2014.0,Philadelphia,PA,2014-08-18,53000.0
2014.0,Philadelphia,PA,2014-08-20,15000.0
2014.0,Philadelphia,PA,2014-08-21,75000.0
2014.0,Philadelphia,PA,2014-08-21,15000.0
2014.0,Philadelphia,PA,2014-08-21,325000.0
2014.0,Philadelphia,PA,2014-08-27,17500.0
2014.0,Philadelphia,PA,2014-09-09,65000.0
2014.0,Philadelphia,PA,2014-09-09,17500.0
2014.0,Philadelphia,PA,2014-09-12,50000.0
2014.0,Philadelphia,PA,2014-09-15,200000.0
2014.0,Philadelphia,PA,2014-09-17,15000.0
2014.0,Philadelphia,PA,2014-09-18,12500.0
2014.0,Philadelphia,PA,2014-09-24,15000.0
2014.0,Philadelphia,PA,2014-09-24,145000.0
2014.0,Philadelphia,PA,2014-09-25,17500.0
2014.0,Philadelphia,PA,2014-10-02,4250.0
2014.0,Philadelphia,PA,2014-10-08,7500.0
2014.0,Philadelphia,PA,2014-10-10,490000.0
2014.0,Philadelphia,PA,2014-10-13,47500.0
2014.0,Philadelphia,PA,2014-10-13,70000.0
2014.0,Philadelphia,PA,2014-10-15,6500.0
2014.0,Philadelphia,PA,2014-10-15,40000.0
2014.0,Philadelphia,PA,2014-10-15,17500.0
2014.0,Philadelphia,PA,2014-10-16,65766.78
2014.0,Philadelphia,PA,2014-10-20,75000.0
2014.0,Philadelphia,PA,2014-10-24,75000.0
2014.0,Philadelphia,PA,2014-10-27,30000.0
2014.0,Philadelphia,PA,2014-10-28,15000.0
2014.0,Philadelphia,PA,2014-10-31,190000.0
2014.0,Philadelphia,PA,2014-11-04,35500.0
2014.0,Philadelphia,PA,2014-11-07,5000.0
2014.0,Philadelphia,PA,2014-11-12,425000.0
2014.0,Philadelphia,PA,2014-11-17,42500.0
2014.0,Philadelphia,PA,2014-11-17,20000.0
2014.0,Philadelphia,PA,2014-11-17,37500.0
2014.0,Philadelphia,PA,2014-11-19,20000.0
2014.0,Philadelphia,PA,2014-12-05,15000.0
2014.0,Philadelphia,PA,2014-12-08,19000.0
2014.0,Philadelphia,PA,2014-12-08,35000.0
2014.0,Philadelphia,PA,2014-12-10,15000.0
2014.0,Philadelphia,PA,2014-12-15,30000.0
2014.0,Philadelphia,PA,2014-12-15,30000.0
2014.0,Philadelphia,PA,2014-12-16,22500.0
2014.0,Philadelphia,PA,2014-12-17,5000.0
2014.0,Philadelphia,PA,2014-12-19,25000.0
2014.0,Philadelphia,PA,2014-12-23,30000.0
2015.0,Philadelphia,PA,2015-01-05,22500.0
2015.0,Philadelphia,PA,2015-01-05,25000.0
2015.0,Philadelphia,PA,2015-01-05,37500.0
2015.0,Philadelphia,PA,2015-01-07,109000.0
2015.0,Philadelphia,PA,2015-01-07,125000.0
2015.0,Philadelphia,PA,2015-01-08,5000.0
2015.0,Philadelphia,PA,2015-01-09,27500.0
2015.0,Philadelphia,PA,2015-01-12,40000.0
2015.0,Philadelphia,PA,2015-01-15,25000.0
2015.0,Philadelphia,PA,2015-01-30,16250.0
2015.0,Philadelphia,PA,2015-01-30,20000.0
2015.0,Philadelphia,PA,2015-02-02,55000.0
2015.0,Philadelphia,PA,2015-02-03,17500.0
2015.0,Philadelphia,PA,2015-02-03,175000.0
2015.0,Philadelphia,PA,2015-02-10,75000.0
2015.0,Philadelphia,PA,2015-02-10,90000.0
2015.0,Philadelphia,PA,2015-02-12,18500.0
2015.0,Philadelphia,PA,2015-02-19,1000.0
2015.0,Philadelphia,PA,2015-02-24,30000.0
2015.0,Philadelphia,PA,2015-02-24,75000.0
2015.0,Philadelphia,PA,2015-02-24,170000.0
2015.0,Philadelphia,PA,2015-02-24,30000.0
2015.0,Philadelphia,PA,2015-02-27,32500.0
2015.0,Philadelphia,PA,2015-03-19,9675.0
2015.0,Philadelphia,PA,2015-03-27,490000.0
2015.0,Philadelphia,PA,2015-03-27,42500.0
2015.0,Philadelphia,PA,2015-03-31,85000.0
2015.0,Philadelphia,PA,2015-04-04,12500.0
2015.0,Philadelphia,PA,2015-04-09,100000.0
2015.0,Philadelphia,PA,2015-04-10,67500.0
2015.0,Philadelphia,PA,2015-04-16,19500.0
2015.0,Philadelphia,PA,2015-04-29,125000.0
2015.0,Philadelphia,PA,2015-04-29,13000.0
2015.0,Philadelphia,PA,2015-04-30,85000.0
2015.0,Philadelphia,PA,2015-05-04,7500.0
2015.0,Philadelphia,PA,2015-05-12,70000.0
2015.0,Philadelphia,PA,2015-05-13,25000.0
2015.0,Philadelphia,PA,2015-05-19,2750.0
2015.0,Philadelphia,PA,2015-05-20,85000.0
2015.0,Philadelphia,PA,2015-05-20,25000.0
2015.0,Philadelphia,PA,2015-05-28,131234.9
2015.0,Philadelphia,PA,2015-05-29,35000.0
2015.0,Philadelphia,PA,2015-06-01,25000.0
2015.0,Philadelphia,PA,2015-06-01,25000.0
2015.0,Philadelphia,PA,2015-06-01,25000.0
2015.0,Philadelphia,PA,2015-06-02,60000.0
2015.0,Philadelphia,PA,2015-06-09,17500.0
2015.0,Philadelphia,PA,2015-06-09,32500.0
2015.0,Philadelphia,PA,2015-06-10,2500.0
2015.0,Philadelphia,PA,2015-06-10,100000.0
2015.0,Philadelphia,PA,2015-06-16,8000.0
2015.0,Philadelphia,PA,2015-06-16,6000.0
2015.0,Philadelphia,PA,2015-06-29,50000.0
2015.0,Philadelphia,PA,2015-06-29,45000.0
2015.0,Philadelphia,PA,2015-06-29,35000.0
2015.0,Philadelphia,PA,2015-07-13,199000.0
2015.0,Philadelphia,PA,2015-07-21,40000.0
2015.0,Philadelphia,PA,2015-07-21,70000.0
2015.0,Philadelphia,PA,2015-07-22,55000.0
2015.0,Philadelphia,PA,2015-07-27,20000.0
2015.0,Philadelphia,PA,2015-07-29,140000.0
2015.0,Philadelphia,PA,2015-07-29,7500.0
2015.0,Philadelphia,PA,2015-07-30,65000.0
2015.0,Philadelphia,PA,2015-08-03,10000.0
2015.0,Philadelphia,PA,2015-08-05,15000.0
2015.0,Philadelphia,PA,2015-08-07,22500.0
2015.0,Philadelphia,PA,2015-08-10,20000.0
2015.0,Philadelphia,PA,2015-08-10,12500.0
2015.0,Philadelphia,PA,2015-08-10,250000.0
2015.0,Philadelphia,PA,2015-08-12,20000.0
2015.0,Philadelphia,PA,2015-08-12,22500.0
2015.0,Philadelphia,PA,2015-08-14,40000.0
2015.0,Philadelphia,PA,2015-08-21,22500.0
2015.0,Philadelphia,PA,2015-08-21,17500.0
2015.0,Philadelphia,PA,2015-08-23,50000.0
2015.0,Philadelphia,PA,2015-08-23,78128.0
2015.0,Philadelphia,PA,2015-08-23,20000.0
2015.0,Philadelphia,PA,2015-08-23,42000.0
2015.0,Philadelphia,PA,2015-08-24,12500.0
2015.0,Philadelphia,PA,2015-08-29,20000.0
2015.0,Philadelphia,PA,2015-09-08,45000.0
2015.0,Philadelphia,PA,2015-09-09,78000.0
2015.0,Philadelphia,PA,2015-09-09,10000.0
2015.0,Philadelphia,PA,2015-09-15,16000.0
2015.0,Philadelphia,PA,2015-09-30,210000.0
2015.0,Philadelphia,PA,2015-09-30,27500.0
2015.0,Philadelphia,PA,2015-10-02,1600000.0
2015.0,Philadelphia,PA,2015-10-07,7500.0
2015.0,Philadelphia,PA,2015-10-07,5000.0
2015.0,Philadelphia,PA,2015-10-08,5000.0
2015.0,Philadelphia,PA,2015-10-08,12000.0
2015.0,Philadelphia,PA,2015-10-15,105000.0
2015.0,Philadelphia,PA,2015-10-20,22500.0
2015.0,Philadelphia,PA,2015-10-26,50000.0
2015.0,Philadelphia,PA,2015-10-27,315000.0
2015.0,Philadelphia,PA,2015-10-27,250000.0
2015.0,Philadelphia,PA,2015-10-27,40000.0
2015.0,Philadelphia,PA,2015-10-28,45000.0
2015.0,Philadelphia,PA,2015-11-09,35000.0
2015.0,Philadelphia,PA,2015-11-09,17500.0
2015.0,Philadelphia,PA,2015-11-09,70000.0
2015.0,Philadelphia,PA,2015-11-13,2500.0
2015.0,Philadelphia,PA,2015-11-19,30122.0
2015.0,Philadelphia,PA,2015-11-20,45000.0
2015.0,Philadelphia,PA,2015-11-23,6500.0
2015.0,Philadelphia,PA,2015-11-23,15000.0
2015.0,Philadelphia,PA,2015-12-01,30000.0
2015.0,Philadelphia,PA,2015-12-02,125000.0
2015.0,Philadelphia,PA,2015-12-02,30000.0
2015.0,Philadelphia,PA,2015-12-04,59500.0
2015.0,Philadelphia,PA,2015-12-08,27500.0
2015.0,Philadelphia,PA,2015-12-10,50000.0
2015.0,Philadelphia,PA,2015-12-22,10000.0
2015.0,Philadelphia,PA,2015-12-22,12500.0
2015.0,Philadelphia,PA,2015-12-22,65000.0
2015.0,Philadelphia,PA,2015-12-22,20000.0
2015.0,Philadelphia,PA,2015-12-22,25000.0
2016.0,Philadelphia,PA,2016-01-05,17500.0
2016.0,Philadelphia,PA,2016-01-12,50000.0
2016.0,Philadelphia,PA,2016-01-20,1250000.0
2016.0,Philadelphia,PA,2016-01-20,50000.0
2016.0,Philadelphia,PA,2016-01-20,55000.0
2016.0,Philadelphia,PA,2016-02-02,900.0
2016.0,Philadelphia,PA,2016-02-08,7500.0
2016.0,Philadelphia,PA,2016-02-10,100000.0
2016.0,Philadelphia,PA,2016-02-12,2500.0
2016.0,Philadelphia,PA,2016-02-22,25500.0
2016.0,Philadelphia,PA,2016-02-29,45000.0
2016.0,Philadelphia,PA,2016-02-29,5250.0
2016.0,Philadelphia,PA,2016-02-29,52500.0
2016.0,Philadelphia,PA,2016-03-07,80000.0
2016.0,Philadelphia,PA,2016-03-08,57500.0
2016.0,Philadelphia,PA,2016-03-09,15000.0
2016.0,Philadelphia,PA,2016-03-14,97500.0
2016.0,Philadelphia,PA,2016-03-16,2500.0
2016.0,Philadelphia,PA,2016-03-21,35000.0
2016.0,Philadelphia,PA,2016-03-22,30000.0
2016.0,Philadelphia,PA,2016-03-22,10000.0
2016.0,Philadelphia,PA,2016-03-23,30000.0
2016.0,Philadelphia,PA,2016-04-01,5000.0
2016.0,Philadelphia,PA,2016-04-07,30000.0
2016.0,Philadelphia,PA,2016-04-07,50000.0
2016.0,Philadelphia,PA,2016-04-08,5000.0
2016.0,Philadelphia,PA,2016-04-08,70000.0
2016.0,Philadelphia,PA,2016-04-12,100000.0
2016.0,Philadelphia,PA,2016-04-14,3000.0
2016.0,Philadelphia,PA,2016-04-14,35000.0
2016.0,Philadelphia,PA,2016-04-15,25000.0
2016.0,Philadelphia,PA,2016-04-18,15000.0
2016.0,Philadelphia,PA,2016-04-20,15000.0
2016.0,Philadelphia,PA,2016-04-22,1000.0
2016.0,Philadelphia,PA,2016-04-22,12000.0
2016.0,Philadelphia,PA,2016-04-27,45000.0
2016.0,Philadelphia,PA,2016-04-27,7500.0
2016.0,Philadelphia,PA,2016-04-29,25000.0
2016.0,Philadelphia,PA,2016-05-06,22500.0
2016.0,Philadelphia,PA,2016-05-13,130000.0
2016.0,Philadelphia,PA,2016-05-13,25000.0
2016.0,Philadelphia,PA,2016-05-17,450000.0
2016.0,Philadelphia,PA,2016-05-26,30000.0
2016.0,Philadelphia,PA,2016-06-01,17500.0
2016.0,Philadelphia,PA,2016-06-01,19000.0
2016.0,Philadelphia,PA,2016-06-06,200000.0
2016.0,Philadelphia,PA,2016-06-13,142500.0
2016.0,Philadelphia,PA,2016-06-14,5000.0
2016.0,Philadelphia,PA,2016-06-21,150000.0
2016.0,Philadelphia,PA,2016-06-21,30000.0
2016.0,Philadelphia,PA,2016-06-23,7500.0
2016.0,Philadelphia,PA,2016-06-23,50000.0
2016.0,Philadelphia,PA,2016-06-30,125000.0
2016.0,Philadelphia,PA,2016-07-13,30000.0
2016.0,Philadelphia,PA,2016-07-21,10000.0
2016.0,Philadelphia,PA,2016-07-22,110000.0
2016.0,Philadelphia,PA,2016-07-27,35000.0
2016.0,Philadelphia,PA,2016-08-01,625000.0
2016.0,Philadelphia,PA,2016-08-04,25000.0
2016.0,Philadelphia,PA,2016-08-08,17500.0
2016.0,Philadelphia,PA,2016-08-09,30000.0
2016.0,Philadelphia,PA,2016-08-15,10000.0
2016.0,Philadelphia,PA,2016-08-15,80000.0
2016.0,Philadelphia,PA,2016-08-23,300000.0
2016.0,Philadelphia,PA,2016-09-02,22500.0
2016.0,Philadelphia,PA,2016-09-06,25000.0
2016.0,Philadelphia,PA,2016-09-07,500000.0
2016.0,Philadelphia,PA,2016-09-08,9500.0
2016.0,Philadelphia,PA,2016-09-13,22500.0
2016.0,Philadelphia,PA,2016-09-19,100000.0
2016.0,Philadelphia,PA,2016-09-22,275000.0
2016.0,Philadelphia,PA,2016-09-22,35000.0
2016.0,Philadelphia,PA,2016-09-26,20000.0
2016.0,Philadelphia,PA,2016-09-26,25000.0
2016.0,Philadelphia,PA,2016-09-30,50000.0
2016.0,Philadelphia,PA,2016-10-03,2200.0
2016.0,Philadelphia,PA,2016-10-06,150000.0
2016.0,Philadelphia,PA,2016-10-06,34000.0
2016.0,Philadelphia,PA,2016-10-06,12500.0
2016.0,Philadelphia,PA,2016-10-21,1000.0
2016.0,Philadelphia,PA,2016-10-26,2000.0
2016.0,Philadelphia,PA,2016-11-02,40000.0
2016.0,Philadelphia,PA,2016-11-15,10000.0
2016.0,Philadelphia,PA,2016-11-17,22500.0
2016.0,Philadelphia,PA,2016-11-29,60000.0
2016.0,Philadelphia,PA,2016-11-30,24000.0
2016.0,Philadelphia,PA,2016-12-05,5000.0
2016.0,Philadelphia,PA,2016-12-07,15000.0
2016.0,Philadelphia,PA,2016-12-07,27500.0
2016.0,Philadelphia,PA,2016-12-08,27500.0
2016.0,Philadelphia,PA,2016-12-12,125000.0
2016.0,Philadelphia,PA,2016-12-12,85000.0
2016.0,Philadelphia,PA,2016-12-14,500.0
2016.0,Philadelphia,PA,2016-12-16,125000.0
2016.0,Philadelphia,PA,2016-12-20,75000.0
2017.0,Philadelphia,PA,2017-01-03,15000.0
2017.0,Philadelphia,PA,2017-01-06,4400000.0
2017.0,Philadelphia,PA,2017-01-10,10000.0
2017.0,Philadelphia,PA,2017-01-10,11800.0
2017.0,Philadelphia,PA,2017-01-25,1000.0
2017.0,Philadelphia,PA,2017-01-26,1500.0
2017.0,Philadelphia,PA,2017-01-26,42500.0
2017.0,Philadelphia,PA,2017-01-27,500.0
2017.0,Philadelphia,PA,2017-02-03,12000.0
2017.0,Philadelphia,PA,2017-02-03,25000.0
2017.0,Philadelphia,PA,2017-02-07,25000.0
2017.0,Philadelphia,PA,2017-02-21,10000.0
2017.0,Philadelphia,PA,2017-02-24,20000.0
2017.0,Philadelphia,PA,2017-02-27,10000.0
2017.0,Philadelphia,PA,2017-03-02,100000.0
2017.0,Philadelphia,PA,2017-03-02,85000.0
2017.0,Philadelphia,PA,2017-03-02,13500.0
2017.0,Philadelphia,PA,2017-03-07,10000.0
2017.0,Philadelphia,PA,2017-03-07,10000.0
2017.0,Philadelphia,PA,2017-03-08,6000.0
2017.0,Philadelphia,PA,2017-03-09,325000.0
2017.0,Philadelphia,PA,2017-03-20,17000.0
2017.0,Philadelphia,PA,2017-03-20,16000.0
2017.0,Philadelphia,PA,2017-03-29,132500.0
2017.0,Philadelphia,PA,2017-04-01,33000.0
2017.0,Philadelphia,PA,2017-04-17,50000.0
2017.0,Philadelphia,PA,2017-04-17,65000.0
2017.0,Philadelphia,PA,2017-05-01,45000.0
2017.0,Philadelphia,PA,2017-05-01,11500.0
2017.0,Philadelphia,PA,2017-05-01,22500.0
2017.0,Philadelphia,PA,2017-05-01,8000.0
2017.0,Philadelphia,PA,2017-06-06,85000.0
2017.0,Philadelphia,PA,2017-06-08,25000.0
2017.0,Philadelphia,PA,2017-06-16,30000.0
2017.0,Philadelphia,PA,2017-06-20,20000.0
2017.0,Philadelphia,PA,2017-06-20,10000.0
2017.0,Philadelphia,PA,2017-06-26,7500.0
2017.0,Philadelphia,PA,2017-06-26,45000.0
2017.0,Philadelphia,PA,2017-06-27,575000.0
2017.0,Philadelphia,PA,2017-07-05,6000.0
2017.0,Philadelphia,PA,2017-07-05,85000.0
2017.0,Philadelphia,PA,2017-07-12,70000.0
2017.0,Philadelphia,PA,2017-07-21,70500.0
2017.0,Philadelphia,PA,2017-07-21,10000.0
2017.0,Philadelphia,PA,2017-07-21,5000.0
2017.0,Philadelphia,PA,2017-07-24,2500.0
2017.0,Philadelphia,PA,2017-07-24,15000.0
2017.0,Philadelphia,PA,2017-07-24,20000.0
2017.0,Philadelphia,PA,2017-07-24,12500.0
2017.0,Philadelphia,PA,2017-07-24,12500.0
2017.0,Philadelphia,PA,2017-07-24,65000.0
2017.0,Philadelphia,PA,2017-07-26,47500.0
2017.0,Philadelphia,PA,2017-07-31,1500.0
2017.0,Philadelphia,PA,2017-07-31,40000.0
2017.0,Philadelphia,PA,2017-08-02,6000.0
2017.0,Philadelphia,PA,2017-08-02,55000.0
2017.0,Philadelphia,PA,2017-08-02,9500.0
2017.0,Philadelphia,PA,2017-08-02,25000.0
2017.0,Philadelphia,PA,2017-08-08,22500.0
2017.0,Philadelphia,PA,2017-08-08,125000.0
2017.0,Philadelphia,PA,2017-08-08,5000.0
2017.0,Philadelphia,PA,2017-08-11,98000.0
2017.0,Philadelphia,PA,2017-08-11,115000.0
2017.0,Philadelphia,PA,2017-08-11,11500.0
2017.0,Philadelphia,PA,2017-08-11,12500.0
2017.0,Philadelphia,PA,2017-08-21,35000.0
2017.0,Philadelphia,PA,2017-08-21,48750.0
2017.0,Philadelphia,PA,2017-08-21,82500.0
2017.0,Philadelphia,PA,2017-08-22,35000.0
2017.0,Philadelphia,PA,2017-08-22,82500.0
2017.0,Philadelphia,PA,2017-08-24,15000.0
2017.0,Philadelphia,PA,2017-08-24,85000.0
2017.0,Philadelphia,PA,2017-08-24,8500.0
2017.0,Philadelphia,PA,2017-08-30,17000.0
2017.0,Philadelphia,PA,2017-09-07,50000.0
2017.0,Philadelphia,PA,2017-09-07,85000.0
2017.0,Philadelphia,PA,2017-09-12,42500.0
2017.0,Philadelphia,PA,2017-09-12,10000.0
2017.0,Philadelphia,PA,2017-09-21,12000.0
2017.0,Philadelphia,PA,2017-09-27,35000.0
2017.0,Philadelphia,PA,2017-09-27,15000.0
2017.0,Philadelphia,PA,2017-10-03,102000.0
2017.0,Philadelphia,PA,2017-10-06,350000.0
2017.0,Philadelphia,PA,2017-10-10,20000.0
2017.0,Philadelphia,PA,2017-10-10,20000.0
2017.0,Philadelphia,PA,2017-10-10,97500.0
2017.0,Philadelphia,PA,2017-10-10,22500.0
2017.0,Philadelphia,PA,2017-10-10,250500.0
2017.0,Philadelphia,PA,2017-10-10,24000.0
2017.0,Philadelphia,PA,2017-10-10,15000.0
2017.0,Philadelphia,PA,2017-10-12,147500.0
2017.0,Philadelphia,PA,2017-10-17,750000.0
2017.0,Philadelphia,PA,2017-10-17,14000.0
2017.0,Philadelphia,PA,2017-10-17,250000.0
2017.0,Philadelphia,PA,2017-10-17,35000.0
2017.0,Philadelphia,PA,2017-10-18,11000.0
2017.0,Philadelphia,PA,2017-10-18,17500.0
2017.0,Philadelphia,PA,2017-10-18,95000.0
2017.0,Philadelphia,PA,2017-10-18,15000.0
2017.0,Philadelphia,PA,2017-10-19,15000.0
2017.0,Philadelphia,PA,2017-10-19,15000.0
2017.0,Philadelphia,PA,2017-10-19,85000.0
2017.0,Philadelphia,PA,2017-10-19,10000.0
2017.0,Philadelphia,PA,2017-10-19,20000.0
2017.0,Philadelphia,PA,2017-10-19,20000.0
2017.0,Philadelphia,PA,2017-10-19,30000.0
2017.0,Philadelphia,PA,2017-10-19,10000.0
2017.0,Philadelphia,PA,2017-10-20,50000.0
2017.0,Philadelphia,PA,2017-10-20,25000.0
2017.0,Philadelphia,PA,2017-10-20,15000.0
2017.0,Philadelphia,PA,2017-10-20,30000.0
2017.0,Philadelphia,PA,2017-10-20,10000.0
2017.0,Philadelphia,PA,2017-10-20,15000.0
2017.0,Philadelphia,PA,2017-10-20,20000.0
2017.0,Philadelphia,PA,2017-10-20,12500.0
2017.0,Philadelphia,PA,2017-10-20,25000.0
2017.0,Philadelphia,PA,2017-10-20,15000.0
2017.0,Philadelphia,PA,2017-10-20,30000.0
2017.0,Philadelphia,PA,2017-10-31,13500.0
2017.0,Philadelphia,PA,2017-10-31,95000.0
2017.0,Philadelphia,PA,2017-10-31,750.0
2017.0,Philadelphia,PA,2017-11-03,12500.0
2017.0,Philadelphia,PA,2017-11-03,7500.0
2017.0,Philadelphia,PA,2017-11-03,30000.0
2017.0,Philadelphia,PA,2017-11-03,75000.0
2017.0,Philadelphia,PA,2017-11-03,37500.0
2017.0,Philadelphia,PA,2017-11-07,87500.0
2017.0,Philadelphia,PA,2017-11-08,36000.0
2017.0,Philadelphia,PA,2017-11-08,25000.0
2017.0,Philadelphia,PA,2017-11-08,50000.0
2017.0,Philadelphia,PA,2017-11-10,75000.0
2017.0,Philadelphia,PA,2017-11-10,16500.0
2017.0,Philadelphia,PA,2017-11-13,32500.0
2017.0,Philadelphia,PA,2017-11-13,137500.0
2017.0,Philadelphia,PA,2017-11-13,10000.0
2017.0,Philadelphia,PA,2017-11-13,40000.0
2017.0,Philadelphia,PA,2017-11-13,50000.0
2017.0,Philadelphia,PA,2017-11-13,55000.0
2017.0,Philadelphia,PA,2017-11-13,15000.0
2017.0,Philadelphia,PA,2017-11-15,10000.0
2017.0,Philadelphia,PA,2017-11-15,30000.0
2017.0,Philadelphia,PA,2017-11-15,15000.0
2017.0,Philadelphia,PA,2017-11-20,5000.0
2017.0,Philadelphia,PA,2017-11-20,15000.0
2017.0,Philadelphia,PA,2017-11-20,12500.0
2017.0,Philadelphia,PA,2017-11-20,30000.0
2017.0,Philadelphia,PA,2017-11-20,20000.0
2017.0,Philadelphia,PA,2017-11-20,15000.0
2017.0,Philadelphia,PA,2017-11-20,46500.0
2017.0,Philadelphia,PA,2017-11-28,20000.0
2017.0,Philadelphia,PA,2017-11-30,125000.0
2017.0,Philadelphia,PA,2017-12-04,15000.0
2017.0,Philadelphia,PA,2017-12-04,35000.0
2017.0,Philadelphia,PA,2017-12-04,50000.0
2017.0,Philadelphia,PA,2017-12-07,35000.0
2017.0,Philadelphia,PA,2017-12-11,25000.0
2017.0,Philadelphia,PA,2017-12-14,10000.0
2017.0,Philadelphia,PA,2017-12-14,10000.0
2017.0,Philadelphia,PA,2017-12-14,25000.0
2017.0,Philadelphia,PA,2017-12-14,17500.0
2017.0,Philadelphia,PA,2017-12-14,35000.0
2017.0,Philadelphia,PA,2017-12-14,20000.0
2017.0,Philadelphia,PA,2017-12-15,160000.0
2017.0,Philadelphia,PA,2017-12-15,20000.0
2017.0,Philadelphia,PA,2017-12-15,20000.0
2017.0,Philadelphia,PA,2017-12-15,17500.0
2017.0,Philadelphia,PA,2017-12-15,6000.0
2017.0,Philadelphia,PA,2017-12-19,45000.0
2017.0,Philadelphia,PA,2017-12-19,15000.0
2017.0,Philadelphia,PA,2017-12-19,30000.0
2017.0,Philadelphia,PA,2017-12-19,15000.0
2017.0,Philadelphia,PA,2017-12-19,25000.0
2017.0,Philadelphia,PA,2017-12-19,10000.0
2017.0,Philadelphia,PA,2017-12-20,50000.0
2017.0,Philadelphia,PA,2017-12-20,15000.0
2017.0,Philadelphia,PA,2017-12-20,30000.0
2017.0,Philadelphia,PA,2017-12-20,35000.0
2017.0,Philadelphia,PA,2017-12-20,40000.0
2017.0,Philadelphia,PA,2017-12-20,20000.0
2017.0,Philadelphia,PA,2017-12-20,75000.0
2017.0,Philadelphia,PA,2017-12-20,10000.0
2017.0,Philadelphia,PA,2017-12-29,7500.0
2017.0,Philadelphia,PA,2017-12-29,25000.0
2017.0,Philadelphia,PA,2017-12-29,75000.0
2018.0,Philadelphia,PA,2018-01-03,22500.0
2018.0,Philadelphia,PA,2018-01-03,10000.0
2018.0,Philadelphia,PA,2018-01-03,7424.15
2018.0,Philadelphia,PA,2018-01-10,50000.0
2018.0,Philadelphia,PA,2018-01-12,25000.0
2018.0,Philadelphia,PA,2018-01-12,7500.0
2018.0,Philadelphia,PA,2018-01-12,5000.0
2018.0,Philadelphia,PA,2018-01-12,40000.0
2018.0,Philadelphia,PA,2018-01-17,25000.0
2018.0,Philadelphia,PA,2018-01-17,70000.0
2018.0,Philadelphia,PA,2018-01-17,75000.0
2018.0,Philadelphia,PA,2018-01-23,200000.0
2018.0,Philadelphia,PA,2018-01-24,7500.0
2018.0,Philadelphia,PA,2018-01-24,17500.0
2018.0,Philadelphia,PA,2018-01-24,110000.0
2018.0,Philadelphia,PA,2018-01-25,10000.0
2018.0,Philadelphia,PA,2018-01-29,20000.0
2018.0,Philadelphia,PA,2018-01-29,15000.0
2018.0,Philadelphia,PA,2018-01-30,35000.0
2018.0,Philadelphia,PA,2018-01-30,10000.0
2018.0,Philadelphia,PA,2018-01-30,20000.0
2018.0,Philadelphia,PA,2018-01-30,20000.0
2018.0,Philadelphia,PA,2018-01-30,10000.0
2018.0,Philadelphia,PA,2018-02-02,7500.0
2018.0,Philadelphia,PA,2018-02-02,10000.0
2018.0,Philadelphia,PA,2018-02-02,16000.0
2018.0,Philadelphia,PA,2018-02-07,15000.0
2018.0,Philadelphia,PA,2018-02-12,10000.0
2018.0,Philadelphia,PA,2018-02-12,12500.0
2018.0,Philadelphia,PA,2018-02-12,17500.0
2018.0,Philadelphia,PA,2018-02-12,20000.0
2018.0,Philadelphia,PA,2018-02-12,15000.0
2018.0,Philadelphia,PA,2018-02-12,110000.0
2018.0,Philadelphia,PA,2018-02-12,50000.0
2018.0,Philadelphia,PA,2018-02-15,10000.0
2018.0,Philadelphia,PA,2018-02-15,25000.0
2018.0,Philadelphia,PA,2018-02-15,5000.0
2018.0,Philadelphia,PA,2018-02-15,30000.0
2018.0,Philadelphia,PA,2018-02-15,35000.0
2018.0,Philadelphia,PA,2018-02-20,30000.0
2018.0,Philadelphia,PA,2018-02-20,60000.0
2018.0,Philadelphia,PA,2018-02-20,20000.0
2018.0,Philadelphia,PA,2018-02-20,30000.0
2018.0,Philadelphia,PA,2018-02-20,60000.0
2018.0,Philadelphia,PA,2018-02-20,12500.0
2018.0,Philadelphia,PA,2018-02-20,12500.0
2018.0,Philadelphia,PA,2018-02-22,2000.0
2018.0,Philadelphia,PA,2018-02-23,12500.0
2018.0,Philadelphia,PA,2018-02-23,65000.0
2018.0,Philadelphia,PA,2018-02-23,11500.0
2018.0,Philadelphia,PA,2018-02-28,12500.0
2018.0,Philadelphia,PA,2018-02-28,13868.84
2018.0,Philadelphia,PA,2018-02-28,6500.0
2018.0,Philadelphia,PA,2018-02-28,12500.0
2018.0,Philadelphia,PA,2018-03-06,7500.0
2018.0,Philadelphia,PA,2018-03-06,85000.0
2018.0,Philadelphia,PA,2018-03-06,25000.0
2018.0,Philadelphia,PA,2018-03-12,75000.0
2018.0,Philadelphia,PA,2018-03-19,90000.0
2018.0,Philadelphia,PA,2018-03-19,60000.0
2018.0,Philadelphia,PA,2018-03-22,7500.0
2018.0,Philadelphia,PA,2018-03-22,10000.0
2018.0,Philadelphia,PA,2018-03-22,10000.0
2018.0,Philadelphia,PA,2018-03-22,25000.0
2018.0,Philadelphia,PA,2018-03-22,15000.0
2018.0,Philadelphia,PA,2018-03-22,15000.0
2018.0,Philadelphia,PA,2018-04-02,12500.0
2018.0,Philadelphia,PA,2018-04-02,60000.0
2018.0,Philadelphia,PA,2018-04-02,15000.0
2018.0,Philadelphia,PA,2018-04-02,75000.0
2018.0,Philadelphia,PA,2018-04-02,50000.0
2018.0,Philadelphia,PA,2018-04-02,30000.0
2018.0,Philadelphia,PA,2018-04-02,25000.0
2018.0,Philadelphia,PA,2018-04-03,35000.0
2018.0,Philadelphia,PA,2018-04-03,5000.0
2018.0,Philadelphia,PA,2018-04-03,50000.0
2018.0,Philadelphia,PA,2018-04-05,7500.0
2018.0,Philadelphia,PA,2018-04-06,7500.0
2018.0,Philadelphia,PA,2018-04-06,7500.0
2018.0,Philadelphia,PA,2018-04-06,225000.0
2018.0,Philadelphia,PA,2018-04-06,15000.0
2018.0,Philadelphia,PA,2018-04-06,55000.0
2018.0,Philadelphia,PA,2018-04-10,25000.0
2018.0,Philadelphia,PA,2018-04-24,75000.0
2018.0,Philadelphia,PA,2018-04-24,99000.0
2018.0,Philadelphia,PA,2018-05-01,30000.0
2018.0,Philadelphia,PA,2018-05-01,60000.0
2018.0,Philadelphia,PA,2018-05-01,25000.0
2018.0,Philadelphia,PA,2018-05-04,7500.0
2018.0,Philadelphia,PA,2018-05-04,3800.0
2018.0,Philadelphia,PA,2018-05-07,75000.0
2018.0,Philadelphia,PA,2018-05-08,5000.0
2018.0,Philadelphia,PA,2018-05-09,40000.0
2018.0,Philadelphia,PA,2018-05-09,10000.0
2018.0,Philadelphia,PA,2018-05-11,21500.0
2018.0,Philadelphia,PA,2018-05-15,12500.0
2018.0,Philadelphia,PA,2018-05-16,7500.0
2018.0,Philadelphia,PA,2018-05-18,25000.0
2018.0,Philadelphia,PA,2018-05-18,30000.0
2018.0,Philadelphia,PA,2018-05-18,18000.0
2018.0,Philadelphia,PA,2018-05-30,5000.0
2018.0,Philadelphia,PA,2018-05-30,35000.0
2018.0,Philadelphia,PA,2018-05-31,40000.0
2018.0,Philadelphia,PA,2018-06-01,25000.0
2018.0,Philadelphia,PA,2018-06-04,20000.0
2018.0,Philadelphia,PA,2018-06-08,50000.0
2018.0,Philadelphia,PA,2018-06-11,60000.0
2018.0,Philadelphia,PA,2018-06-11,25000.0
2018.0,Philadelphia,PA,2018-06-11,32500.0
2018.0,Philadelphia,PA,2018-06-18,10947.0
2018.0,Philadelphia,PA,2018-06-18,45000.0
2018.0,Philadelphia,PA,2018-06-18,27500.0
2018.0,Philadelphia,PA,2018-06-19,1500.0
2018.0,Philadelphia,PA,2018-06-21,9850000.0
2018.0,Philadelphia,PA,2018-06-21,45000.0
2018.0,Philadelphia,PA,2018-06-21,35000.0
2018.0,Philadelphia,PA,2018-06-21,40000.0
2018.0,Philadelphia,PA,2018-06-21,35000.0
2018.0,Philadelphia,PA,2018-06-21,25000.0
2018.0,Philadelphia,PA,2018-06-21,30000.0
2018.0,Philadelphia,PA,2018-06-21,30000.0
2018.0,Philadelphia,PA,2018-06-21,30000.0
2018.0,Philadelphia,PA,2018-06-21,15000.0
2018.0,Philadelphia,PA,2018-07-09,2.0
2018.0,Philadelphia,PA,2018-07-13,25000.0
2018.0,Philadelphia,PA,2018-07-13,85000.0
2018.0,Philadelphia,PA,2018-07-13,35000.0
2018.0,Philadelphia,PA,2018-07-13,75000.0
2018.0,Philadelphia,PA,2018-07-18,37500.0
2018.0,Philadelphia,PA,2018-07-19,35000.0
2018.0,Philadelphia,PA,2018-07-30,25000.0
2018.0,Philadelphia,PA,2018-08-02,25000.0
2018.0,Philadelphia,PA,2018-08-03,20000.0
2018.0,Philadelphia,PA,2018-08-08,30000.0
2018.0,Philadelphia,PA,2018-08-08,15000.0
2018.0,Philadelphia,PA,2018-08-14,15000.0
2018.0,Philadelphia,PA,2018-08-14,26665.42
2018.0,Philadelphia,PA,2018-08-16,40000.0
2018.0,Philadelphia,PA,2018-08-16,15000.0
2018.0,Philadelphia,PA,2018-08-17,15000.0
2018.0,Philadelphia,PA,2018-08-21,3000000.0
2018.0,Philadelphia,PA,2018-08-21,10000.0
2018.0,Philadelphia,PA,2018-08-23,475000.0
2018.0,Philadelphia,PA,2018-08-23,20000.0
2018.0,Philadelphia,PA,2018-08-23,10000.0
2018.0,Philadelphia,PA,2018-08-29,7000.0
2018.0,Philadelphia,PA,2018-08-31,2000.0
2018.0,Philadelphia,PA,2018-09-04,10000.0
2018.0,Philadelphia,PA,2018-09-04,10000.0
2018.0,Philadelphia,PA,2018-09-04,10000.0
2018.0,Philadelphia,PA,2018-09-04,15000.0
2018.0,Philadelphia,PA,2018-09-06,150000.0
2018.0,Philadelphia,PA,2018-09-13,25000.0
2018.0,Philadelphia,PA,2018-09-18,600000.0
2018.0,Philadelphia,PA,2018-09-21,25000.0
2018.0,Philadelphia,PA,2018-09-25,45000.0
2018.0,Philadelphia,PA,2018-09-26,6500.0
2018.0,Philadelphia,PA,2018-10-03,8000.0
2018.0,Philadelphia,PA,2018-10-12,95000.0
2018.0,Philadelphia,PA,2018-10-18,500000.0
2018.0,Philadelphia,PA,2018-10-19,35000.0
2018.0,Philadelphia,PA,2018-10-22,45000.0
2018.0,Philadelphia,PA,2018-10-30,57500.0
2018.0,Philadelphia,PA,2018-10-30,2500.0
2018.0,Philadelphia,PA,2018-11-02,20000.0
2018.0,Philadelphia,PA,2018-11-07,45000.0
2018.0,Philadelphia,PA,2018-11-19,195000.0
2018.0,Philadelphia,PA,2018-11-27,22500.0
2018.0,Philadelphia,PA,2018-11-29,81000.0
2018.0,Philadelphia,PA,2018-12-05,50000.0
2018.0,Philadelphia,PA,2018-12-07,2500.0
2018.0,Philadelphia,PA,2018-12-19,10000.0
2019.0,Philadelphia,PA,2019-01-11,52000.0
2019.0,Philadelphia,PA,2019-01-11,16000.0
2019.0,Philadelphia,PA,2019-01-11,16000.0
2019.0,Philadelphia,PA,2019-01-11,12500.0
2019.0,Philadelphia,PA,2019-01-11,11500.0
2019.0,Philadelphia,PA,2019-01-11,15000.0
2019.0,Philadelphia,PA,2019-01-11,51000.0
2019.0,Philadelphia,PA,2019-01-11,10000.0
2019.0,Philadelphia,PA,2019-01-11,17500.0
2019.0,Philadelphia,PA,2019-01-11,11000.0
2019.0,Philadelphia,PA,2019-01-11,11000.0
2019.0,Philadelphia,PA,2019-01-18,80000.0
2019.0,Philadelphia,PA,2019-01-23,10000.0
2019.0,Philadelphia,PA,2019-01-23,9000.0
2019.0,Philadelphia,PA,2019-01-25,10000.0
2019.0,Philadelphia,PA,2019-01-29,12500.0
2019.0,Philadelphia,PA,2019-01-29,30000.0
2019.0,Philadelphia,PA,2019-01-31,30000.0
2019.0,Philadelphia,PA,2019-02-01,12500.0
2019.0,Philadelphia,PA,2019-02-05,10000.0
2019.0,Philadelphia,PA,2019-02-05,40000.0
2019.0,Philadelphia,PA,2019-02-05,25000.0
2019.0,Philadelphia,PA,2019-02-06,10000.0
2019.0,Philadelphia,PA,2019-02-12,12500.0
2019.0,Philadelphia,PA,2019-02-12,25000.0
2019.0,Philadelphia,PA,2019-02-21,25000.0
2019.0,Philadelphia,PA,2019-02-22,50000.0
2019.0,Philadelphia,PA,2019-03-04,22500.0
2019.0,Philadelphia,PA,2019-03-07,82500.0
2019.0,Philadelphia,PA,2019-03-11,10000.0
2019.0,Philadelphia,PA,2019-03-14,3000.0
2019.0,Philadelphia,PA,2019-03-15,7500.0
2019.0,Philadelphia,PA,2019-03-21,28000.0
2019.0,Philadelphia,PA,2019-04-02,75000.0
2019.0,Philadelphia,PA,2019-04-02,12500.0
2019.0,Philadelphia,PA,2019-04-15,8500.0
2019.0,Philadelphia,PA,2019-04-17,21500.0
2019.0,Philadelphia,PA,2019-04-29,80000.0
2019.0,Philadelphia,PA,2019-05-01,58000.0
2019.0,Philadelphia,PA,2019-05-01,22500.0
2019.0,Philadelphia,PA,2019-05-08,25000.0
2019.0,Philadelphia,PA,2019-05-08,10000.0
2019.0,Philadelphia,PA,2019-05-10,2681552.3
2019.0,Philadelphia,PA,2019-05-16,3750000.0
2019.0,Philadelphia,PA,2019-05-23,750000.0
2019.0,Philadelphia,PA,2019-05-29,30000.0
2019.0,Philadelphia,PA,2019-05-30,85000.0
2019.0,Philadelphia,PA,2019-06-04,15000.0
2019.0,Philadelphia,PA,2019-06-14,250000.0
2019.0,Philadelphia,PA,2019-06-17,10000.0
2019.0,Philadelphia,PA,2019-06-20,4000.0
2019.0,Philadelphia,PA,2019-06-24,35000.0
2019.0,Philadelphia,PA,2019-06-24,2000.0
2019.0,Philadelphia,PA,2019-07-08,200000.0
2019.0,Philadelphia,PA,2019-07-12,27500.0
2019.0,Philadelphia,PA,2019-07-16,12500.0
2019.0,Philadelphia,PA,2019-07-30,65000.0
2019.0,Philadelphia,PA,2019-08-01,90000.0
2019.0,Philadelphia,PA,2019-08-06,30000.0
2019.0,Philadelphia,PA,2019-08-12,17500.0
2019.0,Philadelphia,PA,2019-08-12,20000.0
2019.0,Philadelphia,PA,2019-08-13,1250.0
2019.0,Philadelphia,PA,2019-08-22,80000.0
,Philadelphia,PA,,41613.0
2019.0,Philadelphia,PA,2019-08-29,20000.0
2019.0,Philadelphia,PA,2019-09-09,34500.0
2019.0,Philadelphia,PA,2019-09-12,30000.0
2019.0,Philadelphia,PA,2019-10-01,912500.0
2019.0,Philadelphia,PA,2019-10-02,235000.0
2019.0,Philadelphia,PA,2019-10-02,6000.0
2019.0,Philadelphia,PA,2019-10-09,12500.0
2019.0,Philadelphia,PA,2019-10-10,265000.0
2019.0,Philadelphia,PA,2019-10-15,9000.0
2019.0,Philadelphia,PA,2019-10-28,150000.0
2019.0,Philadelphia,PA,2019-11-06,12500.0
2019.0,Philadelphia,PA,2019-11-20,80000.0
2019.0,Philadelphia,PA,2019-11-21,275000.0
2019.0,Philadelphia,PA,2019-12-04,800000.0
2019.0,Philadelphia,PA,2019-12-04,10000.0
2019.0,Philadelphia,PA,2019-12-05,50000.0
2019.0,Philadelphia,PA,2019-12-12,125000.0
2009.0,Philadelphia,PA,2009-01-06,25000.0
2009.0,Philadelphia,PA,2009-01-07,1500.0
2009.0,Philadelphia,PA,2009-01-12,80000.0
2009.0,Philadelphia,PA,2009-01-12,28000.0
2009.0,Philadelphia,PA,2009-01-13,13000.0
2009.0,Philadelphia,PA,2009-01-15,35000.0
2009.0,Philadelphia,PA,2009-01-22,95000.0
2009.0,Philadelphia,PA,2009-01-22,22500.0
2009.0,Philadelphia,PA,2009-01-26,47500.0
2009.0,Philadelphia,PA,2009-01-27,9000.0
2009.0,Philadelphia,PA,2009-02-01,17000.0
2009.0,Philadelphia,PA,2009-02-01,5500.0
2009.0,Philadelphia,PA,2009-02-09,25000.0
2009.0,Philadelphia,PA,2009-02-10,10000.0
2009.0,Philadelphia,PA,2009-02-11,9000.0
2009.0,Philadelphia,PA,2009-02-12,3000.0
2009.0,Philadelphia,PA,2009-02-13,70000.0
2009.0,Philadelphia,PA,2009-02-13,4500.0
2009.0,Philadelphia,PA,2009-02-18,185000.0
2009.0,Philadelphia,PA,2009-02-19,10000.0
2009.0,Philadelphia,PA,2009-02-20,12500.0
2009.0,Philadelphia,PA,2009-02-24,93750.0
2009.0,Philadelphia,PA,2009-02-25,88500.0
2009.0,Philadelphia,PA,2009-02-27,5000.0
2009.0,Philadelphia,PA,2009-03-03,15000.0
2009.0,Philadelphia,PA,2009-03-09,350000.0
2009.0,Philadelphia,PA,2009-03-09,12500.0
2009.0,Philadelphia,PA,2009-03-13,1000.0
2009.0,Philadelphia,PA,2009-03-16,69000.0
2009.0,Philadelphia,PA,2009-03-16,7500.0
2009.0,Philadelphia,PA,2009-03-16,60000.0
2009.0,Philadelphia,PA,2009-03-17,20000.0
2009.0,Philadelphia,PA,2009-03-17,65000.0
2009.0,Philadelphia,PA,2009-03-19,50000.0
2009.0,Philadelphia,PA,2009-03-23,17500.0
2009.0,Philadelphia,PA,2009-03-26,10000.0
2009.0,Philadelphia,PA,2009-03-30,5000.0
2009.0,Philadelphia,PA,2009-04-24,42500.0
2009.0,Philadelphia,PA,2009-05-07,18000.0
2009.0,Philadelphia,PA,2009-05-07,50536.18
2009.0,Philadelphia,PA,2009-05-11,12500.0
2009.0,Philadelphia,PA,2009-05-13,1500.0
2009.0,Philadelphia,PA,2009-05-14,12000.0
2009.0,Philadelphia,PA,2009-05-14,15000.0
2009.0,Philadelphia,PA,2009-05-14,55000.0
2009.0,Philadelphia,PA,2009-05-20,42500.0
2009.0,Philadelphia,PA,2009-05-21,2000.0
2009.0,Philadelphia,PA,2009-05-21,30000.0
2009.0,Philadelphia,PA,2009-05-22,8500.0
2009.0,Philadelphia,PA,2009-06-02,250000.0
2009.0,Philadelphia,PA,2009-06-04,1500.0
2009.0,Philadelphia,PA,2009-06-15,20000.0
2009.0,Philadelphia,PA,2009-06-16,425000.0
2009.0,Philadelphia,PA,2009-06-22,25000.0
2009.0,Philadelphia,PA,2009-06-23,10000.0
2009.0,Philadelphia,PA,2009-06-23,15000.0
2009.0,Philadelphia,PA,2009-06-24,45000.0
2009.0,Philadelphia,PA,2009-06-24,20000.0
2009.0,Philadelphia,PA,2009-06-25,3500.0
2009.0,Philadelphia,PA,2009-06-29,65000.0
2009.0,Philadelphia,PA,2009-06-29,25000.0
2009.0,Philadelphia,PA,2009-07-01,22500.0
2009.0,Philadelphia,PA,2009-07-03,5000.0
2009.0,Philadelphia,PA,2009-07-10,15000.0
2009.0,Philadelphia,PA,2009-07-10,27500.0
2009.0,Philadelphia,PA,2009-07-13,40000.0
2009.0,Philadelphia,PA,2009-07-16,50000.0
2009.0,Philadelphia,PA,2009-07-17,8500.0
2009.0,Philadelphia,PA,2009-07-20,12500.0
2009.0,Philadelphia,PA,2009-07-22,67500.0
2009.0,Philadelphia,PA,2009-07-24,27500.0
2009.0,Philadelphia,PA,2009-08-04,2500.0
2009.0,Philadelphia,PA,2009-08-06,30000.0
2009.0,Philadelphia,PA,2009-08-10,30000.0
2009.0,Philadelphia,PA,2009-08-11,200000.0
2009.0,Philadelphia,PA,2009-08-12,17500.0
2009.0,Philadelphia,PA,2009-08-12,7500.0
2009.0,Philadelphia,PA,2009-08-14,60000.0
2009.0,Philadelphia,PA,2009-08-14,10000.0
2009.0,Philadelphia,PA,2009-08-14,7500.0
2009.0,Philadelphia,PA,2009-08-17,46514.07
2009.0,Philadelphia,PA,2009-08-17,60000.0
2009.0,Philadelphia,PA,2009-08-17,32500.0
2009.0,Philadelphia,PA,2009-08-26,200000.0
2009.0,Philadelphia,PA,2009-08-28,150000.0
2009.0,Philadelphia,PA,2009-08-29,3500.0
2009.0,Philadelphia,PA,2009-09-03,25000.0
2009.0,Philadelphia,PA,2009-09-10,10000.0
2009.0,Philadelphia,PA,2009-09-14,60000.0
2009.0,Philadelphia,PA,2009-09-17,140000.0
2009.0,Philadelphia,PA,2009-09-17,25000.0
2009.0,Philadelphia,PA,2009-09-21,40000.0
2009.0,Philadelphia,PA,2009-10-16,7500.0
2009.0,Philadelphia,PA,2009-10-17,15000.0
2009.0,Philadelphia,PA,2009-10-17,175000.0
2009.0,Philadelphia,PA,2009-10-20,12500.0
2009.0,Philadelphia,PA,2009-10-23,575000.0
2009.0,Philadelphia,PA,2009-10-26,25000.0
2009.0,Philadelphia,PA,2009-10-26,12500.0
2009.0,Philadelphia,PA,2009-11-05,40000.0
2009.0,Philadelphia,PA,2009-11-10,7500.0
2009.0,Philadelphia,PA,2009-11-16,58500.0
2009.0,Philadelphia,PA,2009-11-24,231720.0
2009.0,Philadelphia,PA,2009-12-01,33000.0
2009.0,Philadelphia,PA,2009-12-02,58376.1
2009.0,Philadelphia,PA,2009-12-02,16500.0
2009.0,Philadelphia,PA,2009-12-02,45000.0
2009.0,Philadelphia,PA,2009-12-02,12500.0
2009.0,Philadelphia,PA,2009-12-02,36500.0
2009.0,Philadelphia,PA,2009-12-02,1000.0
2009.0,Philadelphia,PA,2009-12-03,57501.0
2009.0,Philadelphia,PA,2009-12-04,25000.0
2009.0,Philadelphia,PA,2009-12-04,96000.0
2009.0,Philadelphia,PA,2009-12-04,750000.0
2009.0,Philadelphia,PA,2009-12-09,37500.0
2009.0,Philadelphia,PA,2009-12-10,37500.0
2009.0,Philadelphia,PA,2009-12-10,2500.0
2009.0,Philadelphia,PA,2009-12-15,22500.0
2009.0,Philadelphia,PA,2009-12-17,20000.0
2009.0,Philadelphia,PA,2009-12-23,12500.0
2009.0,Philadelphia,PA,2009-12-23,150000.0
2009.0,Philadelphia,PA,2009-12-23,115000.0
2009.0,Philadelphia,PA,2009-12-28,39000.0
2009.0,Philadelphia,PA,2009-12-29,35000.0
2009.0,Philadelphia,PA,2009-12-30,8000.0
2009.0,Philadelphia,PA,2009-12-30,50000.0
2009.0,Philadelphia,PA,2009-12-31,10000.0
2009.0,Philadelphia,PA,2009-12-31,34500.0
2009.0,Philadelphia,PA,2009-12-31,4400.0
2009.0,Philadelphia,PA,2009-12-31,19500.0
2015.0,Baltimore,MD,2015-08-25,6000.0
2015.0,Baltimore,MD,2015-09-09,6400000.0
2015.0,Baltimore,MD,2015-10-26,18000.0
2015.0,Baltimore,MD,2015-12-17,15000.0
2016.0,Baltimore,MD,2016-01-29,20000.0
2016.0,Baltimore,MD,2016-01-29,7000.0
2016.0,Baltimore,MD,2016-06-21,19000.0
2016.0,Baltimore,MD,2016-07-20,16045.55
2016.0,Baltimore,MD,2016-08-01,18500.0
2016.0,Baltimore,MD,2016-08-22,100000.0
2016.0,Baltimore,MD,2016-09-07,24000.0
2016.0,Baltimore,MD,2016-10-12,100000.0
2016.0,Baltimore,MD,2016-10-19,24500.0
2016.0,Baltimore,MD,2016-10-21,6500.0
2016.0,Baltimore,MD,2016-10-21,12000.0
2016.0,Baltimore,MD,2016-10-26,60000.0
2016.0,Baltimore,MD,2016-11-04,20000.0
2016.0,Baltimore,MD,2016-11-10,12000.0
2016.0,Baltimore,MD,2016-12-19,45000.0
2017.0,Baltimore,MD,2017-01-03,40000.0
2017.0,Baltimore,MD,2017-01-19,5000.0
2017.0,Baltimore,MD,2017-03-02,57500.0
2017.0,Baltimore,MD,2017-03-17,7500.0
2017.0,Baltimore,MD,2017-04-04,2000.0
2017.0,Baltimore,MD,2017-04-13,15000.0
2017.0,Baltimore,MD,2017-04-14,50000.0
2017.0,Baltimore,MD,2017-04-19,50000.0
2017.0,Baltimore,MD,2017-05-08,15000.0
2017.0,Baltimore,MD,2017-05-09,10000.0
2017.0,Baltimore,MD,2017-05-17,20000.0
2017.0,Baltimore,MD,2017-05-17,14000.0
2017.0,Baltimore,MD,2017-05-19,187100.0
2017.0,Baltimore,MD,2017-06-02,24000.0
2017.0,Baltimore,MD,2017-06-05,2500.0
2017.0,Baltimore,MD,2017-06-22,65000.0
2017.0,Baltimore,MD,2017-06-27,24000.0
2017.0,Baltimore,MD,2017-06-30,90000.0
2017.0,Baltimore,MD,2017-07-11,50000.0
2017.0,Baltimore,MD,2017-07-14,15000.0
2017.0,Baltimore,MD,2017-07-20,100000.0
2017.0,Baltimore,MD,2017-07-24,400000.0
2017.0,Baltimore,MD,2017-08-17,55000.0
2017.0,Baltimore,MD,2017-08-28,135000.0
2017.0,Baltimore,MD,2017-08-29,70000.0
2017.0,Baltimore,MD,2017-08-31,80000.0
2017.0,Baltimore,MD,2017-09-27,20000.0
2017.0,Baltimore,MD,2017-09-28,7000.0
2017.0,Baltimore,MD,2017-10-27,135000.0
2017.0,Baltimore,MD,2017-10-31,20000.0
2017.0,Baltimore,MD,2017-12-07,24000.0
2018.0,Baltimore,MD,2018-01-12,1000.0
2018.0,Baltimore,MD,2018-01-23,41135.79
2018.0,Baltimore,MD,2018-02-01,15001.0
2018.0,Baltimore,MD,2018-02-05,75000.0
2018.0,Baltimore,MD,2018-05-01,15000.0
2018.0,Baltimore,MD,2018-05-10,20000.0
2018.0,Baltimore,MD,2018-05-16,51729.91
2018.0,Baltimore,MD,2018-07-25,5000.0
2018.0,Baltimore,MD,2018-08-14,9287.2
2018.0,Baltimore,MD,2018-10-16,144999.0
2018.0,Baltimore,MD,2018-11-02,15000.0
2019.0,Baltimore,MD,2019-01-02,15000.0
2019.0,Baltimore,MD,2019-02-28,40000.0
2019.0,Baltimore,MD,2019-02-28,8750.0
2019.0,Baltimore,MD,2019-03-13,45000.0
2019.0,Baltimore,MD,2019-03-25,1200.0
2019.0,Baltimore,MD,2019-04-08,15000.0
2019.0,Baltimore,MD,2019-05-21,8500.0
2019.0,Baltimore,MD,2019-06-17,25000.0
2019.0,Baltimore,MD,2019-07-09,20000.0
2019.0,Baltimore,MD,2019-07-22,18000.0
2019.0,Baltimore,MD,2019-08-06,5000.0
2019.0,Baltimore,MD,2019-08-19,12000.0
2019.0,Baltimore,MD,2019-09-17,15000.0
2019.0,Baltimore,MD,2019-10-02,75000.0
2019.0,Baltimore,MD,2019-10-16,8000000.0
2019.0,Baltimore,MD,2019-10-30,17000.0
2020.0,Baltimore,MD,2020-04-20,20000.0
2020.0,Baltimore,MD,2020-04-22,125000.0
2020.0,Baltimore,MD,2020-04-24,200000.0
2020.0,Baltimore,MD,2020-04-24,400000.0
2020.0,Baltimore,MD,2020-06-02,261000.0
2010.0,New Orleans,LA,2010-03-23,25000.0
2010.0,New Orleans,LA,2010-05-21,52000.0
2010.0,New Orleans,LA,2010-06-28,5000.0
2010.0,New Orleans,LA,2010-10-21,7500.0
2010.0,New Orleans,LA,2010-09-01,15000.0
2011.0,New Orleans,LA,2011-10-26,150000.0
2011.0,New Orleans,LA,2011-12-26,25000.0
2012.0,New Orleans,LA,2012-01-06,5500.0
2012.0,New Orleans,LA,,90000.0
2013.0,New Orleans,LA,2013-03-01,1500.0
2012.0,New Orleans,LA,2012-05-04,6500.0
2015.0,New Orleans,LA,2015-09-10,10000.0
2012.0,New Orleans,LA,2012-05-17,625.0
2012.0,New Orleans,LA,2012-11-13,45000.0
2012.0,New Orleans,LA,2012-07-12,37500.0
2013.0,New Orleans,LA,2013-10-15,27500.0
2013.0,New Orleans,LA,2013-11-13,75000.0
2013.0,New Orleans,LA,2013-07-08,1500.0
,New Orleans,LA,,625000.0
2013.0,New Orleans,LA,2013-07-08,750.0
2014.0,New Orleans,LA,2014-04-01,13000.0
2016.0,New Orleans,LA,2016-10-17,925000.0
2013.0,New Orleans,LA,2013-10-01,3067.0
2015.0,New Orleans,LA,2015-07-13,22500.0
2015.0,New Orleans,LA,2015-11-17,250000.0
2017.0,New Orleans,LA,2017-12-29,1090000.0
2014.0,New Orleans,LA,2014-04-15,200.0
2017.0,New Orleans,LA,2017-09-05,1000.0
2019.0,Baton Rouge,LA,2019-07-08,45640.5
2019.0,Baton Rouge,LA,2019-08-14,30445.62
2019.0,Baton Rouge,LA,2019-02-27,52504.0
2018.0,Baton Rouge,LA,2018-12-11,20000.0
2018.0,Baton Rouge,LA,2018-07-16,107795.3
2018.0,Baton Rouge,LA,2018-10-18,9900.0
2017.0,Baton Rouge,LA,2017-10-02,25000.0
2017.0,Baton Rouge,LA,2017-01-18,50000.0
2017.0,Baton Rouge,LA,2017-03-10,9229.89
2017.0,Baton Rouge,LA,2017-10-25,32569.0
2015.0,Baton Rouge,LA,,22434.08
2015.0,Baton Rouge,LA,,350000.0
2014.0,Baton Rouge,LA,,425324.0
2014.0,Baton Rouge,LA,,35400.0
2014.0,Baton Rouge,LA,,50000.0
2014.0,Baton Rouge,LA,,40000.0
2014.0,Baton Rouge,LA,,30562.6
2013.0,Baton Rouge,LA,,81113.28
2013.0,Baton Rouge,LA,,15350.0
2013.0,Baton Rouge,LA,,30000.0
2012.0,Baton Rouge,LA,,15097.1
2012.0,Baton Rouge,LA,,60187.6
2011.0,Baton Rouge,LA,,12500.0
2011.0,Baton Rouge,LA,,303212.14
2011.0,Baton Rouge,LA,,119389.11
2010.0,Baton Rouge,LA,,331784.39
2010.0,Baton Rouge,LA,,106574.58
2016.0,Baton Rouge,LA,2016-04-13,42000.0
2016.0,Baton Rouge,LA,2016-06-30,51412.43
2016.0,Baton Rouge,LA,2016-09-28,374369.16
2010.0,San Francisco,CA,2010-01-22,25000.0
2010.0,San Francisco,CA,2010-03-02,40000.0
2010.0,San Francisco,CA,2010-05-03,135000.0
2010.0,San Francisco,CA,2010-06-21,35000.0
2010.0,San Francisco,CA,2010-08-17,48500.0
2010.0,San Francisco,CA,2010-08-17,350.0
2011.0,San Francisco,CA,2011-01-13,16000.0
2011.0,San Francisco,CA,2011-03-17,50000.0
2011.0,San Francisco,CA,2011-03-17,10000.0
2011.0,San Francisco,CA,2011-03-17,15000.0
2011.0,San Francisco,CA,2011-03-17,7500.0
2011.0,San Francisco,CA,2011-03-17,2075.0
2011.0,San Francisco,CA,2011-04-21,5000.0
2011.0,San Francisco,CA,2011-04-21,1500.0
2011.0,San Francisco,CA,2011-06-10,8750.0
2011.0,San Francisco,CA,2011-06-30,22500.0
2011.0,San Francisco,CA,2011-09-01,50000.0
2011.0,San Francisco,CA,2011-10-13,1087.33
2012.0,San Francisco,CA,2012-01-19,250.0
2012.0,San Francisco,CA,2012-02-23,10000.0
2012.0,San Francisco,CA,2012-05-17,80000.0
2012.0,San Francisco,CA,2012-06-28,45000.0
2012.0,San Francisco,CA,2012-08-01,1000.0
2012.0,San Francisco,CA,2012-10-11,35000.0
2012.0,San Francisco,CA,2012-10-11,40000.0
2012.0,San Francisco,CA,2012-10-25,125000.0
2012.0,San Francisco,CA,2012-11-15,175000.0
2013.0,San Francisco,CA,2013-01-03,500.0
2013.0,San Francisco,CA,2013-01-03,9500.0
2013.0,San Francisco,CA,2013-04-25,200000.0
2013.0,San Francisco,CA,2013-08-01,1750.0
2013.0,San Francisco,CA,2013-08-15,75000.0
2013.0,San Francisco,CA,2013-10-24,50000.0
2013.0,San Francisco,CA,2013-10-24,30000.0
2013.0,San Francisco,CA,2013-10-24,50000.0
2013.0,San Francisco,CA,2013-12-24,125000.0
2014.0,San Francisco,CA,2014-01-30,9995.0
2014.0,San Francisco,CA,2014-02-28,10000.0
2014.0,San Francisco,CA,2014-03-06,40000.0
2014.0,San Francisco,CA,2014-03-20,247500.0
2014.0,San Francisco,CA,2014-04-10,6000.0
2014.0,San Francisco,CA,2014-08-28,5500000.0
2014.0,San Francisco,CA,2014-09-18,24999.0
2014.0,San Francisco,CA,2014-10-30,210000.0
2014.0,San Francisco,CA,2014-11-25,15000.0
2014.0,San Francisco,CA,2014-12-04,285000.0
2015.0,San Francisco,CA,2015-05-21,50000.0
2015.0,San Francisco,CA,2015-06-25,2000.0
2015.0,San Francisco,CA,2015-06-25,20000.0
2015.0,San Francisco,CA,2015-07-09,20000.0
2015.0,San Francisco,CA,2015-10-15,8000.0
2015.0,San Francisco,CA,2015-10-22,5000.0
2015.0,San Francisco,CA,2015-10-29,15000.0
2015.0,San Francisco,CA,2015-10-29,22500.0
2015.0,San Francisco,CA,2015-11-05,495000.0
2015.0,San Francisco,CA,2015-12-31,35000.0
2016.0,San Francisco,CA,2016-03-03,42500.0
2016.0,San Francisco,CA,2016-11-03,40000.0
2017.0,San Francisco,CA,2017-03-16,23000.0
2017.0,San Francisco,CA,2017-04-13,15000.0
2017.0,San Francisco,CA,2017-08-21,29500.0
2017.0,San Francisco,CA,2017-08-22,30000.0
2017.0,San Francisco,CA,2017-08-24,190000.0
2017.0,San Francisco,CA,2017-09-05,1000.0
2017.0,San Francisco,CA,2017-10-25,15500.0
2018.0,San Francisco,CA,2018-01-31,50000.0
2018.0,San Francisco,CA,2018-01-31,12000.0
2018.0,San Francisco,CA,2018-01-31,25000.0
2018.0,San Francisco,CA,2018-02-08,25000.0
2018.0,San Francisco,CA,2018-05-24,12000.0
2018.0,San Francisco,CA,2018-08-02,275000.0
2018.0,San Francisco,CA,2018-08-23,119909.0
2018.0,San Francisco,CA,2018-10-04,2500.0
2018.0,San Francisco,CA,2018-10-11,1000.0
2018.0,San Francisco,CA,2018-11-05,1500.0
2018.0,San Francisco,CA,2018-11-05,150000.0
2018.0,San Francisco,CA,2018-11-05,8875.0
2019.0,San Francisco,CA,2019-01-31,3727967.74
2019.0,San Francisco,CA,2019-01-31,760000.0
2019.0,San Francisco,CA,2019-03-14,45000.0
2019.0,San Francisco,CA,2019-04-25,13100000.0
2019.0,San Francisco,CA,2019-05-30,50000.0
2019.0,San Francisco,CA,2019-08-01,5290.0
2019.0,San Francisco,CA,2019-08-29,13500.0
2019.0,San Francisco,CA,2019-09-05,140000.0
2019.0,San Francisco,CA,2019-09-18,400000.0
2019.0,San Francisco,CA,2019-12-05,15000.0
2013.0,Memphis,TN,,76916.27
2013.0,Memphis,TN,,13720.28
2013.0,Memphis,TN,,96123.67
2013.0,Memphis,TN,,73606.72
2013.0,Memphis,TN,,1500.0
2013.0,Memphis,TN,,2250.0
2013.0,Memphis,TN,,10000.0
2013.0,Memphis,TN,,300000.0
2013.0,Memphis,TN,,3500.0
2013.0,Memphis,TN,,12000.0
2013.0,Memphis,TN,,19265.51
2013.0,Memphis,TN,,19265.51
2013.0,Memphis,TN,,15000.0
2013.0,Memphis,TN,,116138.0
2013.0,Memphis,TN,,10500.64
2013.0,Memphis,TN,,20000.0
2013.0,Memphis,TN,,6000.0
2013.0,Memphis,TN,,1500.0
2013.0,Memphis,TN,,1500.0
2013.0,Memphis,TN,,5500.0
2013.0,Memphis,TN,,4500.0
2013.0,Memphis,TN,,6000.0
2013.0,Memphis,TN,,7654.43
2013.0,Memphis,TN,,14940.0
2013.0,Memphis,TN,,17000.0
2013.0,Memphis,TN,,5332.5
2013.0,Memphis,TN,,3600.0
2013.0,Memphis,TN,,6000.0
2013.0,Memphis,TN,,200000.0
2013.0,Memphis,TN,,100000.0
2013.0,Memphis,TN,,5399.58
2013.0,Memphis,TN,,2000.0
2014.0,Memphis,TN,,10877.73
2014.0,Memphis,TN,,13410.79
2014.0,Memphis,TN,,68750.0
2014.0,Memphis,TN,,10000.0
2014.0,Memphis,TN,,2500.0
2014.0,Memphis,TN,,70000.0
2014.0,Memphis,TN,,210613.78
2014.0,Memphis,TN,,1973.42
2014.0,Memphis,TN,,99000.0
2014.0,Memphis,TN,,50000.0
2014.0,Memphis,TN,,7500.0
2014.0,Memphis,TN,,15400.0
2014.0,Memphis,TN,,15400.0
2014.0,Memphis,TN,,7250.0
2014.0,Memphis,TN,,42000.0
2014.0,Memphis,TN,,11000.0
2014.0,Memphis,TN,,15000.0
2014.0,Memphis,TN,,2000.0
2014.0,Memphis,TN,,13046.91
2014.0,Memphis,TN,,4027.19
2014.0,Memphis,TN,,8050.0
2014.0,Memphis,TN,,14525.81
2014.0,Memphis,TN,,7199.92
2014.0,Memphis,TN,,11165.93
2014.0,Memphis,TN,,12268.2
2014.0,Memphis,TN,,6314.03
2014.0,Memphis,TN,,90000.0
2014.0,Memphis,TN,,7000.0
2014.0,Memphis,TN,,3750.0
2014.0,Memphis,TN,,700000.0
2014.0,Memphis,TN,,14000.0
2014.0,Memphis,TN,,68622.19
2015.0,Memphis,TN,,4000.0
2015.0,Memphis,TN,,115000.0
2015.0,Memphis,TN,,105000.0
2015.0,Memphis,TN,,21000.0
2015.0,Memphis,TN,,14800.0
2015.0,Memphis,TN,,14800.0
2015.0,Memphis,TN,,15000.0
2015.0,Memphis,TN,,13500.0
2015.0,Memphis,TN,,6000.0
2015.0,Memphis,TN,,8000.0
2015.0,Memphis,TN,,37500.0
2015.0,Memphis,TN,,7716.6
2015.0,Memphis,TN,,6522.0
2015.0,Memphis,TN,,6470.5
2015.0,Memphis,TN,,17900.0
2015.0,Memphis,TN,,35190.0
2015.0,Memphis,TN,,12926.0
2015.0,Memphis,TN,,11000.0
2015.0,Memphis,TN,,20000.0
2015.0,Memphis,TN,,10000.0
2015.0,Memphis,TN,,6016.0
2015.0,Memphis,TN,,7750.0
2015.0,Memphis,TN,,5000.0
2015.0,Memphis,TN,,4000.0
2015.0,Memphis,TN,,4000.0
2015.0,Memphis,TN,,50000.0
2015.0,Memphis,TN,,17500.0
2015.0,Memphis,TN,,5000.0
2015.0,Memphis,TN,,9000.0
2015.0,Memphis,TN,,2500.0
2015.0,Memphis,TN,,956.49
2016.0,Memphis,TN,,3750.0
2016.0,Memphis,TN,,1750.0
2016.0,Memphis,TN,,5500.0
2016.0,Memphis,TN,,5500.0
2016.0,Memphis,TN,,9000.0
2016.0,Memphis,TN,,10425.0
2016.0,Memphis,TN,,22000.0
2016.0,Memphis,TN,,5000.0
2016.0,Memphis,TN,,47500.0
2016.0,Memphis,TN,,60000.0
2016.0,Memphis,TN,,89000.47
2016.0,Memphis,TN,,14200.0
2016.0,Memphis,TN,,14200.0
2016.0,Memphis,TN,,15000.0
2016.0,Memphis,TN,,23500.0
2016.0,Memphis,TN,,22000.0
2016.0,Memphis,TN,,7500.0
2016.0,Memphis,TN,,1600.0
2016.0,Memphis,TN,,900.0
2016.0,Memphis,TN,,15585.0
2016.0,Memphis,TN,,3000.0
2016.0,Memphis,TN,,27766.0
2016.0,Memphis,TN,,19000.0
2016.0,Memphis,TN,,26000.0
2016.0,Memphis,TN,,11750.0
2016.0,Memphis,TN,,6739.0
2016.0,Memphis,TN,,11718.66
2016.0,Memphis,TN,,5000.86
2017.0,Memphis,TN,,68183.0
2017.0,Memphis,TN,,1192.15
2017.0,Memphis,TN,,16000.0
2017.0,Memphis,TN,,14000.0
2017.0,Memphis,TN,,41797.82
2017.0,Memphis,TN,,5085.0
2017.0,Memphis,TN,,97416.05
2017.0,Memphis,TN,,89583.33
2017.0,Memphis,TN,,97916.67
2017.0,Memphis,TN,,400000.0
2017.0,Memphis,TN,,8173.33
2017.0,Memphis,TN,,150000.0
2017.0,Memphis,TN,,15220.0
2017.0,Memphis,TN,,125809.54
2017.0,Memphis,TN,,83184.51
2017.0,Memphis,TN,,17376.1
2017.0,Memphis,TN,,1371.5
2017.0,Memphis,TN,,20000.0
2017.0,Memphis,TN,,30000.0
2017.0,Memphis,TN,,1022.28
2017.0,Memphis,TN,,22000.0
2017.0,Memphis,TN,,40000.0
2017.0,Memphis,TN,,7000.0
2017.0,Memphis,TN,,53000.0
2017.0,Memphis,TN,,1000.0
2017.0,Memphis,TN,,1000.0
2017.0,Memphis,TN,,37092.84
2017.0,Memphis,TN,,1000.0
2017.0,Memphis,TN,,70721.46
2017.0,Memphis,TN,,900.0
2017.0,Memphis,TN,,37092.84
2017.0,Memphis,TN,,37092.84
2017.0,Memphis,TN,,1012.5
2017.0,Memphis,TN,,598.25
2017.0,Memphis,TN,,55000.0
2017.0,Memphis,TN,,20000.0
2017.0,Memphis,TN,,7500.0
2017.0,Memphis,TN,,26000.0
2017.0,Memphis,TN,,1393.25
2017.0,Memphis,TN,,30000.0
2017.0,Memphis,TN,,14000.0
2017.0,Memphis,TN,,37500.0
2017.0,Memphis,TN,,39656.25
2017.0,Memphis,TN,,2500.0
2017.0,Memphis,TN,,2500.0
2017.0,Memphis,TN,,3500.0
2017.0,Memphis,TN,,3500.0
2017.0,Memphis,TN,,7500.0
2017.0,Memphis,TN,,10000.0
2017.0,Memphis,TN,,4500.0
2018.0,Memphis,TN,,56568.42
2018.0,Memphis,TN,,2081.68
2018.0,Memphis,TN,,45000.0
2018.0,Memphis,TN,,156038.38
2018.0,Memphis,TN,,59097.13
2018.0,Memphis,TN,,46504.0
2018.0,Memphis,TN,,8475.87
2018.0,Memphis,TN,,12077.1
2018.0,Memphis,TN,,10000.0
2018.0,Memphis,TN,,18000.0
2018.0,Memphis,TN,,11500.0
2018.0,Memphis,TN,,50000.0
2018.0,Memphis,TN,,115000.0
2018.0,Memphis,TN,,40000.0
2018.0,Memphis,TN,,12000.0
2018.0,Memphis,TN,,50000.0
2018.0,Memphis,TN,,2075.0
2018.0,Memphis,TN,,1912.0
2018.0,Memphis,TN,,2500.0
2018.0,Memphis,TN,,3000.0
2018.0,Memphis,TN,,10787.43
2018.0,Memphis,TN,,6783.0
2018.0,Memphis,TN,,1608.5
2018.0,Memphis,TN,,10000.0
2018.0,Memphis,TN,,5000.0
2018.0,Memphis,TN,,4000.0
2018.0,Memphis,TN,,20000.0
2018.0,Memphis,TN,,4690.0
2018.0,Memphis,TN,,251479.0
2018.0,Memphis,TN,,48521.0
2018.0,Memphis,TN,,85968.55
2018.0,Memphis,TN,,43159.68
2018.0,Memphis,TN,,12500.0
2018.0,Memphis,TN,,20000.0
2018.0,Memphis,TN,,3250.0
2018.0,Memphis,TN,,102831.42
2018.0,Memphis,TN,,21407.02
2018.0,Memphis,TN,,10000.0
2018.0,Memphis,TN,,21882.28
2018.0,Memphis,TN,,2500.0
2018.0,Memphis,TN,,7659.3
2018.0,Memphis,TN,,12000.0
2018.0,Memphis,TN,,35000.0
2018.0,Memphis,TN,,15000.0
2018.0,Memphis,TN,,20196.42
2018.0,Memphis,TN,,9000.0
2018.0,Memphis,TN,,18000.0
2019.0,Memphis,TN,,12400.0
2019.0,Memphis,TN,,12400.0
2019.0,Memphis,TN,,300000.0
2019.0,Memphis,TN,,6000.0
2019.0,Memphis,TN,,34000.0
2019.0,Memphis,TN,,2000.0
2019.0,Memphis,TN,,750.0
2019.0,Memphis,TN,,750.0
2019.0,Memphis,TN,,81666.67
2019.0,Memphis,TN,,81666.67
2019.0,Memphis,TN,,81866.66
2019.0,Memphis,TN,,25227.05
2019.0,Memphis,TN,,1000.0
2019.0,Memphis,TN,,7000.0
2019.0,Memphis,TN,,4750.0
2019.0,Memphis,TN,,4500.0
2019.0,Memphis,TN,,4000.0
2019.0,Memphis,TN,,105000.0
2019.0,Memphis,TN,,30000.0
2019.0,Memphis,TN,,193350.68
2019.0,Memphis,TN,,3500.0
2019.0,Memphis,TN,,1800.0
2019.0,Memphis,TN,,12000.0
2019.0,Memphis,TN,,20000.0
2019.0,Memphis,TN,,40000.0
2019.0,Memphis,TN,,14000.0
2019.0,Memphis,TN,,12000.0
2019.0,Memphis,TN,,7000.0
2019.0,Memphis,TN,,11500.0
2019.0,Memphis,TN,,30000.0
2019.0,Memphis,TN,,19000.0
2019.0,Memphis,TN,,2520.0
2019.0,Memphis,TN,,190000.0
2019.0,Memphis,TN,,190000.0
2010.0,Cleveland,OH,,30000.0
2010.0,Cleveland,OH,,35000.0
2010.0,Cleveland,OH,,110000.0
2010.0,Cleveland,OH,,1000.0
2010.0,Cleveland,OH,,35000.0
2010.0,Cleveland,OH,,110000.0
2010.0,Cleveland,OH,,8500.0
2011.0,Cleveland,OH,,100000.0
2011.0,Cleveland,OH,,100000.0
2011.0,Cleveland,OH,,35454.29
2011.0,Cleveland,OH,,50000.0
2011.0,Cleveland,OH,,25000.0
2011.0,Cleveland,OH,,25000.0
2011.0,Cleveland,OH,,15000.0
2012.0,Cleveland,OH,,1500.0
2012.0,Cleveland,OH,,5500.0
2012.0,Cleveland,OH,,150000.0
2012.0,Cleveland,OH,,150000.0
2012.0,Cleveland,OH,,35000.0
2012.0,Cleveland,OH,,10000.0
2012.0,Cleveland,OH,,15500.0
2012.0,Cleveland,OH,,40000.0
2012.0,Cleveland,OH,,13500.0
2012.0,Cleveland,OH,,6500.0
2012.0,Cleveland,OH,,3500.0
2012.0,Cleveland,OH,,54000.0
2012.0,Cleveland,OH,,579.99
2012.0,Cleveland,OH,,1000.0
2012.0,Cleveland,OH,,750.0
2012.0,Cleveland,OH,,3000.0
2012.0,Cleveland,OH,,10000.0
2012.0,Cleveland,OH,,3500.0
2013.0,Cleveland,OH,,25000.0
2013.0,Cleveland,OH,,500.0
2013.0,Cleveland,OH,,70000.0
2013.0,Cleveland,OH,,60000.0
2013.0,Cleveland,OH,,500.0
2013.0,Cleveland,OH,,16000.0
2013.0,Cleveland,OH,,5000.0
2013.0,Cleveland,OH,,125000.0
2013.0,Cleveland,OH,,1250.0
2013.0,Cleveland,OH,,87000.0
2013.0,Cleveland,OH,,9500.0
2013.0,Cleveland,OH,,154.69
2013.0,Cleveland,OH,,3000.0
2013.0,Cleveland,OH,,250.0
2013.0,Cleveland,OH,,100000.0
2013.0,Cleveland,OH,,4500.0
2013.0,Cleveland,OH,,75000.0
2013.0,Cleveland,OH,,6750.0
2014.0,Cleveland,OH,,9000.0
2014.0,Cleveland,OH,,445000.0
2014.0,Cleveland,OH,,650000.0
2014.0,Cleveland,OH,,205000.0
2014.0,Cleveland,OH,,39000.0
2014.0,Cleveland,OH,,4900.0
2014.0,Cleveland,OH,,12000.0
2014.0,Cleveland,OH,,100000.0
2014.0,Cleveland,OH,,540000.0
2014.0,Cleveland,OH,,725000.0
2014.0,Cleveland,OH,,4500.0
2015.0,Cleveland,OH,,25000.0
2015.0,Cleveland,OH,,40000.0
2015.0,Cleveland,OH,,125500.0
2015.0,Cleveland,OH,,5000.0
2015.0,Cleveland,OH,,30000.0
2015.0,Cleveland,OH,,35000.0
2015.0,Cleveland,OH,,9000.0
2015.0,Cleveland,OH,,1500000.0
2015.0,Cleveland,OH,,1500000.0
2016.0,Cleveland,OH,,500000.0
2016.0,Cleveland,OH,,7500.0
2016.0,Cleveland,OH,,7500.0
2016.0,Cleveland,OH,,75000.0
2016.0,Cleveland,OH,,700000.0
2016.0,Cleveland,OH,,5000.0
2016.0,Cleveland,OH,,80000.0
2016.0,Cleveland,OH,,1000.0
2016.0,Cleveland,OH,,80000.0
2016.0,Cleveland,OH,,15000.0
2016.0,Cleveland,OH,,21500.0
2016.0,Cleveland,OH,,13000.0
2016.0,Cleveland,OH,,375000.0
2016.0,Cleveland,OH,,60000.0
2016.0,Cleveland,OH,,125000.0
2016.0,Cleveland,OH,,43673.18
2016.0,Cleveland,OH,,81326.82
2016.0,Cleveland,OH,,2481326.82
2016.0,Cleveland,OH,,268673.18
2016.0,Cleveland,OH,,300000.0
2017.0,Cleveland,OH,,700000.0
2017.0,Cleveland,OH,,6000.0
2017.0,Cleveland,OH,,1550000.0
2017.0,Cleveland,OH,,700000.0
2017.0,Cleveland,OH,,6000.0
2017.0,Cleveland,OH,,580000.0
2017.0,Cleveland,OH,,87500.0
2017.0,Cleveland,OH,,2390.0
2017.0,Cleveland,OH,,50000.0
2017.0,Cleveland,OH,,25000.0
2017.0,Cleveland,OH,,73548.28
2017.0,Cleveland,OH,,29000.0
2017.0,Cleveland,OH,,125000.0
2017.0,Cleveland,OH,,560000.0
2017.0,Cleveland,OH,,220000.0
2017.0,Cleveland,OH,,220000.0
2018.0,Cleveland,OH,,150000.0
2018.0,Cleveland,OH,,125000.0
2018.0,Cleveland,OH,,560000.0
2018.0,Cleveland,OH,,220000.0
2018.0,Cleveland,OH,,220000.0
2018.0,Cleveland,OH,,400.0
2018.0,Cleveland,OH,,5000.0
2018.0,Cleveland,OH,,50000.0
2019.0,Cleveland,OH,,1520298.73
2019.0,Cleveland,OH,,923833.33
2019.0,Cleveland,OH,,8500.0
2019.0,Cleveland,OH,,198833.33
2019.0,Cleveland,OH,,399023.07
2019.0,Cleveland,OH,,649511.53
2019.0,Cleveland,OH,,2500.0
2019.0,Cleveland,OH,,4500.0
2019.0,Cleveland,OH,,4500.0
2019.0,Cleveland,OH,,65000.0
2019.0,Cleveland,OH,,40000.0
2019.0,Cleveland,OH,,260000.0
2019.0,Cleveland,OH,,910000.0
2019.0,Cleveland,OH,,784510.72
2019.0,Cleveland,OH,,94493.26
2019.0,Cleveland,OH,,29834.68
2019.0,Cleveland,OH,,45580.67
2019.0,Cleveland,OH,,45580.67
2019.0,Cleveland,OH,,13047.31
2019.0,Cleveland,OH,,42000.0
2019.0,Cleveland,OH,,5000.0
2020.0,Cleveland,OH,,3500.0
2020.0,Cleveland,OH,,161584.45
2020.0,Cleveland,OH,,6852.97
2020.0,Cleveland,OH,,6562.57
2020.0,Cleveland,OH,,3500.0
2020.0,Cleveland,OH,,62500.0
2017.0,Cleveland,OH,,3000000.0
2017.0,Paterson,NJ,2017-05-05,136246.15
2018.0,Paterson,NJ,2018-02-09,270389.89
2020.0,Paterson,NJ,2020-07-23,329271.61
2017.0,Paterson,NJ,2017-03-17,26569.96
2016.0,Paterson,NJ,2016-05-10,45220.6
2017.0,Paterson,NJ,2017-08-11,500000.0
2018.0,Paterson,NJ,2018-02-16,708755.4
2017.0,Paterson,NJ,2017-05-01,100543.44
2020.0,Paterson,NJ,2020-02-07,293563.24
,Paterson,NJ,,602218.19
2016.0,Paterson,NJ,2016-06-16,34035.0
2016.0,Paterson,NJ,2016-12-08,9804.41
2018.0,Paterson,NJ,2018-11-07,105381.09
2017.0,Paterson,NJ,2017-12-15,82779.06
2017.0,Paterson,NJ,2017-12-15,2580.4
2017.0,Paterson,NJ,2017-04-13,66417.34
2019.0,Paterson,NJ,2019-01-04,295967.38
2017.0,Paterson,NJ,2017-10-18,9772.63
2019.0,Paterson,NJ,2019-01-04,90195.95
2019.0,Paterson,NJ,2019-05-03,179687.2
2020.0,Paterson,NJ,2020-04-09,262326.62
2018.0,Paterson,NJ,2018-10-19,41422.91
2020.0,Paterson,NJ,2020-06-15,77941.84
2020.0,Paterson,NJ,2020-01-21,14174.6
2019.0,Paterson,NJ,2019-09-27,66794.0
2020.0,Paterson,NJ,2020-03-02,79453.39
,Paterson,NJ,,35100.0
,Paterson,NJ,,127728.61
,Paterson,NJ,,163481.32
,Paterson,NJ,,69225.0
,Paterson,NJ,,32300.5
,Paterson,NJ,,45018.73
2018.0,Paterson,NJ,2018-11-07,274654.76
2020.0,Paterson,NJ,2020-02-28,7886.6
,Paterson,NJ,,36275.0
2019.0,Paterson,NJ,2019-03-21,37000.0
2020.0,Paterson,NJ,2020-05-27,2187.5
2019.0,Paterson,NJ,2019-06-20,4655.45
2019.0,Paterson,NJ,2019-07-08,6702.5
2019.0,Paterson,NJ,2019-05-09,14317.5
2019.0,Paterson,NJ,2019-08-16,9035.0
,Paterson,NJ,,95500.0
2020.0,Paterson,NJ,2020-06-29,2075.5
,Paterson,NJ,,31000.0
2020.0,Paterson,NJ,2020-01-08,69181.0
,Paterson,NJ,,30500.0
2016.0,Paterson,NJ,2016-04-04,101020.68
2014.0,Paterson,NJ,2014-09-25,21920.9
2012.0,Paterson,NJ,2012-11-07,31712.5
2013.0,Paterson,NJ,2013-05-30,6178.67
2011.0,Paterson,NJ,2011-12-08,2510.71
2013.0,Paterson,NJ,2013-11-20,35245.46
2016.0,Paterson,NJ,2016-03-11,191488.63
2015.0,Paterson,NJ,2015-01-22,36225.77
2016.0,Paterson,NJ,2016-03-11,11196.77
2017.0,Paterson,NJ,2017-03-24,53930.21
2013.0,Paterson,NJ,2013-11-22,59240.55
2015.0,Paterson,NJ,2015-02-16,192732.57
2013.0,Paterson,NJ,2013-02-07,19097.24
2013.0,Paterson,NJ,2013-01-31,572.5
2013.0,Paterson,NJ,2013-08-07,202869.0
2012.0,Paterson,NJ,2012-03-22,4125.0
2013.0,Paterson,NJ,2013-09-13,2009.77
2013.0,Paterson,NJ,2013-11-25,5333.53
2014.0,Paterson,NJ,2014-09-25,13908.86
2016.0,Paterson,NJ,2016-06-13,67983.7
2016.0,Paterson,NJ,2016-02-09,34132.71
,Paterson,NJ,,513532.1
,Paterson,NJ,,610193.2
2010.0,Milwaukee,WI,2010-07-12,75000.0
2011.0,Milwaukee,WI,2011-01-14,750.0
2011.0,Milwaukee,WI,2011-05-18,5000.0
2011.0,Milwaukee,WI,2011-08-22,1000.0
2011.0,Milwaukee,WI,2011-10-06,25000.0
2011.0,Milwaukee,WI,2011-10-13,6500.0
2011.0,Milwaukee,WI,2011-10-14,25000.0
2011.0,Milwaukee,WI,2011-10-14,10000.0
2012.0,Milwaukee,WI,2012-03-19,2000000.0
2012.0,Milwaukee,WI,2012-04-03,30000.0
2012.0,Milwaukee,WI,2012-12-04,600000.0
2013.0,Milwaukee,WI,2013-10-09,98000.0
2013.0,Milwaukee,WI,2013-11-05,2500.0
2014.0,Milwaukee,WI,2014-06-24,47500.0
2014.0,Milwaukee,WI,2014-07-31,5000.0
2014.0,Milwaukee,WI,2014-08-14,8000.0
2014.0,Milwaukee,WI,2014-08-14,12000.0
2014.0,Milwaukee,WI,2014-10-14,1200000.0
2014.0,Milwaukee,WI,2014-10-20,50000.0
2014.0,Milwaukee,WI,2014-12-03,95500.0
2014.0,Milwaukee,WI,2014-12-03,90000.0
2015.0,Milwaukee,WI,2015-01-30,5000.0
2015.0,Milwaukee,WI,2015-03-31,6500000.0
2015.0,Milwaukee,WI,2015-04-30,190000.0
2015.0,Milwaukee,WI,2015-06-01,393500.0
2015.0,Milwaukee,WI,2015-06-04,35000.0
2015.0,Milwaukee,WI,2015-06-08,100000.0
2015.0,Milwaukee,WI,2015-06-18,75000.0
2015.0,Milwaukee,WI,2015-10-29,35000.0
2015.0,Milwaukee,WI,2015-11-25,52500.0
2016.0,Milwaukee,WI,2016-02-01,5000000.0
2016.0,Milwaukee,WI,2016-07-01,10500.0
2017.0,Milwaukee,WI,2017-02-06,110000.0
2017.0,Milwaukee,WI,2017-02-06,2435.0
2017.0,Milwaukee,WI,2017-02-17,3500.0
2017.0,Milwaukee,WI,2017-02-28,2500000.0
2017.0,Milwaukee,WI,2017-05-26,5000.0
2017.0,Milwaukee,WI,2017-07-20,410000.0
2017.0,Milwaukee,WI,2017-02-10,7500.0
2017.0,Milwaukee,WI,2017-08-09,2300000.0
2017.0,Milwaukee,WI,2017-08-28,120000.0
2017.0,Milwaukee,WI,2017-11-01,5000.0
2017.0,Milwaukee,WI,2017-12-05,1987012.0
2017.0,Milwaukee,WI,2017-12-08,624.5
2018.0,Milwaukee,WI,2018-02-08,150000.0
2018.0,Milwaukee,WI,2018-07-23,3405000.0
2018.0,Milwaukee,WI,2018-10-09,35000.0
2019.0,Milwaukee,WI,2019-03-19,18000.0
2019.0,Milwaukee,WI,2019-03-25,36500.0
2019.0,Milwaukee,WI,2019-04-09,24000.0
2019.0,Milwaukee,WI,2019-05-07,5000.0
2019.0,Milwaukee,WI,2019-06-13,2300000.0
2019.0,Milwaukee,WI,2019-07-03,2050000.0
2019.0,Milwaukee,WI,2019-07-09,7500000.0
2019.0,Milwaukee,WI,2019-10-24,160000.0
2019.0,Milwaukee,WI,2019-10-24,100000.0
2019.0,Indianapolis,IN,2019-01-30,90000.0
2019.0,Indianapolis,IN,2019-02-08,4000.0
2019.0,Indianapolis,IN,2019-03-14,9000.0
2019.0,Indianapolis,IN,2019-03-21,2000.0
2019.0,Indianapolis,IN,2019-04-18,50000.0
2019.0,Indianapolis,IN,2019-04-25,21000.0
2019.0,Indianapolis,IN,2019-05-09,1000.0
2019.0,Indianapolis,IN,2019-06-11,6000.0
2019.0,Indianapolis,IN,2019-06-22,2150000.0
2019.0,Indianapolis,IN,2019-06-30,10000.0
2019.0,Indianapolis,IN,2019-07-30,40000.0
2019.0,Indianapolis,IN,2019-07-30,47500.0
2019.0,Indianapolis,IN,2019-09-06,10500.0
2019.0,Indianapolis,IN,2019-09-06,60000.0
2019.0,Indianapolis,IN,2019-09-06,125000.0
2019.0,Indianapolis,IN,2019-09-20,500.0
2019.0,Indianapolis,IN,2019-10-20,22500.0
2019.0,Indianapolis,IN,2019-10-30,6200.0
2019.0,Indianapolis,IN,2019-10-30,15000.0
2019.0,Indianapolis,IN,2019-11-15,10000.0
2019.0,Indianapolis,IN,2019-11-18,26000.0
2019.0,Indianapolis,IN,2019-11-20,5000.0
2019.0,Indianapolis,IN,2019-12-20,4064.0
2018.0,Indianapolis,IN,2018-12-21,10000.0
2018.0,Indianapolis,IN,2018-12-13,35000.0
2018.0,Indianapolis,IN,2018-11-30,30000.0
2018.0,Indianapolis,IN,2018-11-13,6500.0
2018.0,Indianapolis,IN,2018-09-10,2677.18
2018.0,Indianapolis,IN,2018-08-30,650000.0
2018.0,Indianapolis,IN,2018-08-17,17500.0
2018.0,Indianapolis,IN,2018-05-29,10000.0
2018.0,Indianapolis,IN,2018-05-29,5000.0
2018.0,Indianapolis,IN,2018-05-07,2000.0
2018.0,Indianapolis,IN,2018-04-30,2000.0
2018.0,Indianapolis,IN,2018-04-19,42500.0
2018.0,Indianapolis,IN,2018-03-16,11000.0
2018.0,Indianapolis,IN,2018-02-08,50000.0
2018.0,Indianapolis,IN,2018-01-29,2000.0
2018.0,Indianapolis,IN,2018-01-31,9250.0
2018.0,Indianapolis,IN,2018-04-19,6000.0
2018.0,Indianapolis,IN,2018-04-19,11500.0
2018.0,Indianapolis,IN,2018-11-30,22000.0
2017.0,Indianapolis,IN,2017-12-19,16000.0
2017.0,Indianapolis,IN,2017-11-30,660.0
2017.0,Indianapolis,IN,2017-11-29,50000.0
2017.0,Indianapolis,IN,2017-10-12,225000.0
2017.0,Indianapolis,IN,2017-09-29,11958.41
2017.0,Indianapolis,IN,2017-08-24,20000.0
2017.0,Indianapolis,IN,2017-08-18,58000.0
2017.0,Indianapolis,IN,2017-06-22,1000.0
2017.0,Indianapolis,IN,2017-06-19,7500.0
2017.0,Indianapolis,IN,2017-05-22,2500.0
2017.0,Indianapolis,IN,2017-05-09,7750.0
2017.0,Indianapolis,IN,2017-04-25,100000.0
2017.0,Indianapolis,IN,2017-04-25,90000.0
2017.0,Indianapolis,IN,2017-04-25,7500.0
2017.0,Indianapolis,IN,2017-04-25,10000.0
2017.0,Indianapolis,IN,2017-04-25,15000.0
2017.0,Indianapolis,IN,2017-04-24,12000.0
2017.0,Indianapolis,IN,2017-04-11,70000.0
2017.0,Indianapolis,IN,2017-03-23,15000.0
2017.0,Indianapolis,IN,2017-03-22,77500.0
2017.0,Indianapolis,IN,2017-02-22,10000.0
2017.0,Indianapolis,IN,2017-02-02,15000.0
2017.0,Indianapolis,IN,2017-01-23,53000.0
2017.0,Indianapolis,IN,2017-01-10,60000.0
2016.0,Indianapolis,IN,2016-12-16,18000.0
2016.0,Indianapolis,IN,2016-12-16,160000.0
2016.0,Indianapolis,IN,2016-09-21,5000.0
2016.0,Indianapolis,IN,2016-08-16,150000.0
2016.0,Indianapolis,IN,2016-07-27,5000.0
2016.0,Indianapolis,IN,2016-07-15,28000.0
2016.0,Indianapolis,IN,2016-07-15,5000.0
2016.0,Indianapolis,IN,2016-06-14,99000.0
2016.0,Indianapolis,IN,2016-06-14,5000.0
2016.0,Indianapolis,IN,2016-03-28,70000.0
2016.0,Indianapolis,IN,2016-01-12,27500.0
2015.0,Indianapolis,IN,2015-12-22,6000.0
2015.0,Indianapolis,IN,2015-12-22,60000.0
2015.0,Indianapolis,IN,2015-10-16,5000.0
2015.0,Indianapolis,IN,2015-09-04,60000.0
2015.0,Indianapolis,IN,2015-09-04,1000.0
2015.0,Indianapolis,IN,2015-08-28,3750.0
2015.0,Indianapolis,IN,2015-09-01,15000.0
2015.0,Indianapolis,IN,2015-08-24,72000.0
2015.0,Indianapolis,IN,2015-08-12,370000.0
2015.0,Indianapolis,IN,2015-08-17,3000.0
2015.0,Indianapolis,IN,2015-07-06,75000.0
2015.0,Indianapolis,IN,2015-07-06,3500.0
2015.0,Indianapolis,IN,2015-06-01,4000.0
2015.0,Indianapolis,IN,2015-06-01,1000.0
2015.0,Indianapolis,IN,2015-05-26,299.0
2015.0,Indianapolis,IN,2015-05-19,13000.0
2015.0,Indianapolis,IN,2015-04-28,650000.0
2015.0,Indianapolis,IN,2015-05-29,6500.0
2015.0,Indianapolis,IN,2015-03-23,5000.0
2015.0,Indianapolis,IN,2015-01-21,20000.0
2015.0,Indianapolis,IN,2015-03-01,590000.0
,Indianapolis,IN,,1500.0
2015.0,Indianapolis,IN,2015-08-05,9000.0
2015.0,Indianapolis,IN,2015-03-17,1000.0
2014.0,Indianapolis,IN,2014-12-09,45000.0
2014.0,Indianapolis,IN,2014-11-05,2500.0
2014.0,Indianapolis,IN,2014-07-08,3500.0
2014.0,Indianapolis,IN,2014-11-14,20000.0
2014.0,Indianapolis,IN,2014-10-14,15000.0
2014.0,Indianapolis,IN,2014-09-15,36000.0
2014.0,Indianapolis,IN,2014-09-12,35000.0
2014.0,Indianapolis,IN,2014-09-11,35000.0
2014.0,Indianapolis,IN,2014-09-08,5000.0
2014.0,Indianapolis,IN,2014-09-03,8000.0
2014.0,Indianapolis,IN,2014-09-03,10000.0
2014.0,Indianapolis,IN,2014-08-20,10000.0
2014.0,Indianapolis,IN,2014-07-28,1100.0
2014.0,Indianapolis,IN,2014-07-21,14000.0
2014.0,Indianapolis,IN,2014-07-21,300000.0
2014.0,Indianapolis,IN,2014-07-16,10000.0
2014.0,Indianapolis,IN,2014-06-12,28000.0
2014.0,Indianapolis,IN,2014-05-22,1500.0
2014.0,Indianapolis,IN,2014-04-04,17000.0
2014.0,Indianapolis,IN,2014-04-02,2500.0
2014.0,Indianapolis,IN,2014-03-31,132500.0
2014.0,Indianapolis,IN,2014-03-19,50000.0
2014.0,Indianapolis,IN,2014-03-19,5000.0
2014.0,Indianapolis,IN,2014-03-18,10000.0
2014.0,Indianapolis,IN,2014-02-24,200000.0
2014.0,Indianapolis,IN,2014-02-21,2000.0
2014.0,Indianapolis,IN,2014-02-13,6500.0
2014.0,Indianapolis,IN,2014-02-07,25000.0
2014.0,Indianapolis,IN,2014-02-05,150000.0
2014.0,Indianapolis,IN,2014-01-21,7000.0
2014.0,Indianapolis,IN,2014-01-17,4500.0
2014.0,Indianapolis,IN,2014-01-17,133000.0
2013.0,Indianapolis,IN,2013-12-18,50000.0
2013.0,Indianapolis,IN,2013-12-11,15000.0
2013.0,Indianapolis,IN,2013-12-06,13000.0
2013.0,Indianapolis,IN,2013-11-26,123500.0
2013.0,Indianapolis,IN,2013-11-25,20647.0
2013.0,Indianapolis,IN,2013-11-06,12000.0
2013.0,Indianapolis,IN,2013-10-23,5000.0
2013.0,Indianapolis,IN,2013-10-23,9500.0
2013.0,Indianapolis,IN,2013-10-04,35000.0
2013.0,Indianapolis,IN,2013-09-11,20000.0
2013.0,Indianapolis,IN,2013-08-14,15000.0
2013.0,Indianapolis,IN,2013-07-17,12500.0
2013.0,Indianapolis,IN,2013-07-12,65000.0
2013.0,Indianapolis,IN,2013-06-18,150000.0
2013.0,Indianapolis,IN,2013-06-13,9500.0
2013.0,Indianapolis,IN,2013-05-22,175000.0
2013.0,Indianapolis,IN,2013-05-20,12500.0
2013.0,Indianapolis,IN,2013-03-18,100000.0
2013.0,Indianapolis,IN,2013-02-13,15000.0
2013.0,Indianapolis,IN,2013-02-13,45000.0
2013.0,Indianapolis,IN,2013-02-08,37280.0
2013.0,Indianapolis,IN,2013-01-28,15000.0
2013.0,Indianapolis,IN,2013-01-11,7000.0
2012.0,Indianapolis,IN,2012-12-19,12000.0
2012.0,Indianapolis,IN,2012-12-10,4500.0
2012.0,Indianapolis,IN,2012-11-30,6750.0
2012.0,Indianapolis,IN,2012-11-20,2325.0
2012.0,Indianapolis,IN,2012-11-05,7500.0
2012.0,Indianapolis,IN,2012-11-05,6000.0
2012.0,Indianapolis,IN,2012-11-05,15000.0
2012.0,Indianapolis,IN,2012-08-01,2719.0
2012.0,Indianapolis,IN,2012-07-12,1850.0
2012.0,Indianapolis,IN,2012-06-29,3000.0
2012.0,Indianapolis,IN,2012-06-25,1550000.0
2012.0,Indianapolis,IN,2012-06-25,22500.0
2012.0,Indianapolis,IN,2012-06-20,500.0
2012.0,Indianapolis,IN,2012-06-11,40000.0
2012.0,Indianapolis,IN,2012-06-08,25000.0
2012.0,Indianapolis,IN,2012-06-04,60000.0
2012.0,Indianapolis,IN,2012-05-18,225000.0
2012.0,Indianapolis,IN,2012-05-04,6500.0
2012.0,Indianapolis,IN,2012-04-25,10000.0
2012.0,Indianapolis,IN,2012-04-25,70000.0
2012.0,Indianapolis,IN,2012-04-25,34250.0
2012.0,Indianapolis,IN,2012-04-25,18500.0
2011.0,Indianapolis,IN,2011-12-13,55000.0
2011.0,Indianapolis,IN,2011-12-13,16000.0
2011.0,Indianapolis,IN,2011-12-12,40000.0
2011.0,Indianapolis,IN,2011-11-04,70000.0
2011.0,Indianapolis,IN,2011-11-04,1500.0
2011.0,Indianapolis,IN,2011-10-14,3000.0
2011.0,Indianapolis,IN,2011-10-12,63000.0
2011.0,Indianapolis,IN,2011-10-07,400000.0
2011.0,Indianapolis,IN,2011-10-05,20000.0
2011.0,Indianapolis,IN,2011-10-03,9850.0
2011.0,Indianapolis,IN,2011-08-30,7500.0
2011.0,Indianapolis,IN,2011-08-16,8500.0
2011.0,Indianapolis,IN,2011-08-10,9000.0
2011.0,Indianapolis,IN,2011-08-10,2000.0
2011.0,Indianapolis,IN,2011-08-05,90000.0
2011.0,Indianapolis,IN,2011-08-05,70000.0
2011.0,Indianapolis,IN,2011-08-04,15000.0
2011.0,Indianapolis,IN,2011-07-13,7500.0
2011.0,Indianapolis,IN,2011-06-22,9250.0
2011.0,Indianapolis,IN,2011-06-14,1650.0
2011.0,Indianapolis,IN,2011-04-15,750.0
2011.0,Indianapolis,IN,2011-04-14,6990.0
2011.0,Indianapolis,IN,2011-03-18,50000.0
2011.0,Indianapolis,IN,2011-03-01,25000.0
2011.0,Indianapolis,IN,2011-02-11,15000.0
2011.0,Indianapolis,IN,2011-02-04,7500.0
2011.0,Indianapolis,IN,2011-02-03,10000.0
2011.0,Indianapolis,IN,2011-02-17,16000.0
2010.0,Indianapolis,IN,2010-01-13,16500.0
2010.0,Indianapolis,IN,2010-01-13,120000.0
2010.0,Indianapolis,IN,2010-02-04,3500.0
2010.0,Indianapolis,IN,2010-02-17,2500.0
2010.0,Indianapolis,IN,2010-03-02,5500.0
2010.0,Indianapolis,IN,2010-03-19,4000.0
2010.0,Indianapolis,IN,2010-03-22,1855.0
2010.0,Indianapolis,IN,2010-03-23,4485.0
2010.0,Indianapolis,IN,2010-03-30,15297.0
2010.0,Indianapolis,IN,2010-03-31,18000.0
2010.0,Indianapolis,IN,2010-04-01,1167.0
2010.0,Indianapolis,IN,2010-04-05,7156.0
2010.0,Indianapolis,IN,2010-04-05,1167.0
2010.0,Indianapolis,IN,2010-04-05,1788.0
2010.0,Indianapolis,IN,2010-04-05,22000.0
2010.0,Indianapolis,IN,2010-04-21,8365.0
2010.0,Indianapolis,IN,2010-04-27,31000.0
2010.0,Indianapolis,IN,2010-05-10,38000.0
2010.0,Indianapolis,IN,2010-05-18,65000.0
2010.0,Indianapolis,IN,2010-05-18,2975.0
2010.0,Indianapolis,IN,2010-05-25,12000.0
2010.0,Indianapolis,IN,2010-05-26,6500.0
2010.0,Indianapolis,IN,2010-05-28,35000.0
2010.0,Indianapolis,IN,2010-05-28,13000.0
2010.0,Indianapolis,IN,2010-05-28,40500.0
2010.0,Indianapolis,IN,2010-08-10,5000.0
2010.0,Indianapolis,IN,2010-09-24,7500.0
2010.0,Indianapolis,IN,2010-11-17,6500.0
2010.0,Indianapolis,IN,2010-11-17,18000.0
2010.0,Indianapolis,IN,2010-12-07,1000.0
2010.0,Indianapolis,IN,2010-12-16,70000.0
